OriginalIndex,RotationPosition,OriginalCorrect,Question,A,B,C,D,Predicted,RawOutput,Subject,Subcategory
0,A,B,人血红蛋白分子的氨基酸序列与黑猩猩血红蛋白的相似性比与狗血红蛋白的相似性更高。这种相似性表明，,人与大猩猩的亲缘关系比人与狗的亲缘关系更近,人与狗的亲缘关系比人与黑猩猩的亲缘关系更近,人与黑猩猩有亲缘关系，但与犬无亲缘关系,人和黑猩猩非常相似,C,"首先，我们需要了解人血红蛋白、黑猩猩血红蛋白和狗血红蛋白之间的相似性。根据问题中给出的信息，人血红蛋白与黑猩猩血红蛋白的序列相似度高于与狗血红蛋白。

这个相似度可以反映出不同物种之间的进化关系。一般来说，两个物种之间的相似性越大，表明它们的共同祖先越近。

在这种情况下，人血红蛋白与黑猩猩血红蛋白的相似性高于与狗血红蛋白，这意味着人类和黑猩猩的共同祖先可能比人类和狗的共同祖先更近。

因此，我们可以得出结论：人与黑猩猩有亲缘关系，但与犬无亲缘关系。

Answer: C",high_school_biology,biology
0,B,B,人血红蛋白分子的氨基酸序列与黑猩猩血红蛋白的相似性比与狗血红蛋白的相似性更高。这种相似性表明，,人与狗的亲缘关系比人与黑猩猩的亲缘关系更近,人与大猩猩的亲缘关系比人与狗的亲缘关系更近,人与黑猩猩有亲缘关系，但与犬无亲缘关系,人和黑猩猩非常相似,C,"首先，我们需要了解人血红蛋白、黑猩猩血红蛋白和狗血红蛋白之间的相似性。研究表明，人血红蛋白与黑猩猩血红蛋白的序列相似度较高，而与狗血红蛋白的相似度较低。

这种相似性主要是因为人类、黑猩猩和其他大型哺乳动物（如马）都属于同一个演化支，这个演化支被称为新世界原人群。因此，人与黑猩猩之间有更近的亲缘关系，而人与狗之间则是不同的。

所以，正确答案是：

Answer: C",high_school_biology,biology
0,C,B,人血红蛋白分子的氨基酸序列与黑猩猩血红蛋白的相似性比与狗血红蛋白的相似性更高。这种相似性表明，,人与狗的亲缘关系比人与黑猩猩的亲缘关系更近,人与黑猩猩有亲缘关系，但与犬无亲缘关系,人与大猩猩的亲缘关系比人与狗的亲缘关系更近,人和黑猩猩非常相似,B,"首先，我们需要了解人血红蛋白、黑猩猩血红蛋白和狗血红蛋白之间的相似性。研究表明，人血红蛋白与黑猩猩血红蛋白的序列相似度较高，而与狗血红蛋白的相似度较低。

这种相似性主要是因为人类、黑猩猩和其他大型哺乳动物（如马）都属于同一个演化支，这个演化支被称为新世界原人群。因此，人与黑猩猩之间有更近的亲缘关系，而人与狗之间则没有直接的亲缘关系。

综上所述，我们可以得出结论：人与黑猩猩有亲缘关系，但与犬无亲缘关系。

Answer: B",high_school_biology,biology
0,D,B,人血红蛋白分子的氨基酸序列与黑猩猩血红蛋白的相似性比与狗血红蛋白的相似性更高。这种相似性表明，,人与狗的亲缘关系比人与黑猩猩的亲缘关系更近,人与黑猩猩有亲缘关系，但与犬无亲缘关系,人和黑猩猩非常相似,人与大猩猩的亲缘关系比人与狗的亲缘关系更近,B,"首先，我们需要了解人血红蛋白、黑猩猩血红蛋白和狗血红蛋白之间的相似性。根据问题中给出的信息，人血红蛋白分子的氨基酸序列与黑猩猩血红蛋白的相似性比与狗血红蛋白的相似性更高。

这种相似性主要表明了这些物种之间的进化关系。由于人和黑猩猩都属于同一类（哺乳动物），而狗则是另一类（非哺乳动物），因此，人与黑猩猩的亲缘关系更近。

选项A错误，因为它暗示了人与狗之间的亲缘关系更近，这与问题中给出的信息相矛盾。选项C也错误，因为虽然人和黑猩猩非常相似，但这并不意味着它们是同一物种。选项D错误，因为大猩猩不是一个相关的比较对象。

因此，正确答案是B) 人与黑猩猩有亲缘关系，但与犬无亲缘关系。

Answer: B",high_school_biology,biology
1,A,A,研究从受精卵阶段到胎儿阶段的脊椎动物发育的胚胎学家有理由得出以下哪项结论？,个体发育重演系统发育。,早期胚胎展示了其纲、目和种的相同特征。,早期人类胚胎与早期鱼类和鸟类胚胎有共同特征。,人类胚胎在发育过程中显示出成年鱼类和鸟类的特征。,B,"B是正确答案，因为研究表明，早期胚胎（受精卵阶段）展示了其纲、目和种的相同特征，这些特征随着胚胎发育而逐渐消失。

A不正确，因为个体发育并不是系统发育的直接结果。虽然某些遗传信息在发育过程中保持不变，但这并不意味着个体发育是系统发育的重演。

C不正确，因为早期人类胚胎与早期鱼类和鸟类胚胎之间没有共同特征。事实上，研究表明，早期人类胚胎与其他哺乳动物胚胎有更大的相似性，而不是与非哺乳动物胚胎。

D不正确，因为人类胚胎在发育过程中并不表现出成年鱼类和鸟类的特征。事实上，研究表明，早期人类胚胎与其他哺乳动物胚胎有更大的相似性，而不是与非哺乳动物胚胎。

Answer: B",college_biology,biology
1,B,A,研究从受精卵阶段到胎儿阶段的脊椎动物发育的胚胎学家有理由得出以下哪项结论？,早期胚胎展示了其纲、目和种的相同特征。,个体发育重演系统发育。,早期人类胚胎与早期鱼类和鸟类胚胎有共同特征。,人类胚胎在发育过程中显示出成年鱼类和鸟类的特征。,B,"B) 个体发育重演系统发育。

这个问题需要分析和评估科学证据的能力，这是科学证据评估的一个关键方面。正确答案“个体发育重演系统发育”得到了大量研究的支持，表明早期胚胎中的特征在后期发育中重复出现。这一结论得到了许多研究的支持，包括对脊椎动物、哺乳动物和鸟类等多种物种的研究。

错误答案“早期胚胎展示其纲、目和种的相同特征”、“早期人类胚胎与早期鱼类和鸟类胚胎有共同特征”和“人类胚胎在发育过程中显示出成年鱼类和鸟类的特征”没有得到广泛接受的科学证据支持。这些答案可能是基于理论或假设，但它们并未被实验室研究和观察所支持。

因此，正确答案是B) 个体发育重演系统发育。

Answer: B",college_biology,biology
1,C,A,研究从受精卵阶段到胎儿阶段的脊椎动物发育的胚胎学家有理由得出以下哪项结论？,早期胚胎展示了其纲、目和种的相同特征。,早期人类胚胎与早期鱼类和鸟类胚胎有共同特征。,个体发育重演系统发育。,人类胚胎在发育过程中显示出成年鱼类和鸟类的特征。,Invalid,"B) 早期人类胚胎与早期鱼类和鸟类胚胎有共同特征。

答案：B",college_biology,biology
1,D,A,研究从受精卵阶段到胎儿阶段的脊椎动物发育的胚胎学家有理由得出以下哪项结论？,早期胚胎展示了其纲、目和种的相同特征。,早期人类胚胎与早期鱼类和鸟类胚胎有共同特征。,人类胚胎在发育过程中显示出成年鱼类和鸟类的特征。,个体发育重演系统发育。,Invalid,"B) 早期人类胚胎与早期鱼类和鸟类胚胎有共同特征。

答案：B",college_biology,biology
2,A,D,以下哪项不是防止种间繁殖的示例,潜在配偶繁殖季节相似,潜在配偶出现地理隔离,潜在配偶出现行为隔离,潜在配偶求爱仪式不同,A,"让我们一步步分析：

种间繁殖是指两个不同物种之间的交配和繁殖，导致产生不适合生存的后代。防止种间繁殖的方法包括：

* 潜在配偶出现地理隔离（B）：如果两个物种生活在不同的地区或环境中，很难发生自然交配。
* 潜在配偶出现行为隔离（C）：如果两个物种有不同的行为模式或习惯，可能不会发生自然交配。
* 潜在配偶求爱仪式不同（D）：如果两个物种有不同的求爱行为或仪式，很难发生自然交配。

然而，潜在配偶出现相似繁殖季节（A）并不是防止种间繁殖的示例。相反，这可能会增加种间繁殖的机会，因为两个物种在同一时间段内活跃。

因此，正确答案是：

Answer: A",high_school_biology,biology
2,B,D,以下哪项不是防止种间繁殖的示例,潜在配偶出现地理隔离,潜在配偶繁殖季节相似,潜在配偶出现行为隔离,潜在配偶求爱仪式不同,B,"让我们一步步分析：

种间繁殖是指两个不同物种之间的交配和后代的产生。防止种间繁殖通常需要减少或消除这两种物种之间的相似性。

A) 潜在配偶出现地理隔离：这是一个有效的防止种间繁殖的方法，因为如果两个物种生活在不同的地区，很难发生自然交配。

B) 潜在配偶繁殖季节相似：这不是一种防止种间繁殖的方法。事实上，如果两个物种有相似的繁殖季节，他们更容易发生自然交配。

C) 潜在配偶出现行为隔离：这是一个有效的防止种间繁殖的方法，因为如果两个物种有不同的行为模式，很难发生自然交配。

D) 潜在配偶求爱仪式不同：这也是一个有效的防止种间繁殖的方法，因为如果两个物种有不同的求爱仪式，他们更不可能发生自然交配。

因此，不是防止种间繁殖的示例是：

Answer: B",high_school_biology,biology
2,C,D,以下哪项不是防止种间繁殖的示例,潜在配偶出现地理隔离,潜在配偶出现行为隔离,潜在配偶繁殖季节相似,潜在配偶求爱仪式不同,C,"让我们一步步分析：

种间繁殖是指两个不同物种之间的交配和后代的产生。防止种间繁殖通常需要减少或消除这两种物种之间的相似性。

A) 潜在配偶出现地理隔离：这是一个有效的防止种间繁殖的方法，因为如果两个物种生活在不同的地区，很难发生自然交配。

B) 潜在配偶出现行为隔离：同样，这也是一个有效的方法，因为如果两个物种有不同的行为模式或习惯，可能不会发生自然交配。

C) 潜在配偶繁殖季节相似：这不是一个防止种间繁殖的示例。事实上，如果两个物种有相同的繁殖季节，可能会增加交配的机会。

D) 潜在配偶求爱仪式不同：这是另一个有效的方法，因为如果两个物种有不同的求爱行为或仪式，可能不会发生自然交配。

综上所述，选项C是不是防止种间繁殖的示例。

Answer: C",high_school_biology,biology
2,D,D,以下哪项不是防止种间繁殖的示例,潜在配偶出现地理隔离,潜在配偶出现行为隔离,潜在配偶求爱仪式不同,潜在配偶繁殖季节相似,D,"让我们一步步分析：

种间繁殖是指两种不同的物种之间的交配和繁殖，导致产生不适合其自然环境的后代。防止种间繁殖的方法包括：

A) 潜在配偶出现地理隔离：如果两个物种的自然范围相隔很远，很难发生自然交配，因此可以通过控制或限制它们的接触来防止种间繁殖。

B) 潜在配偶出现行为隔离：如果两个物种有不同的行为模式，例如食物选择、活动时间等，可能不会自然接触，从而减少了种间繁殖的机会。

C) 潜在配偶求爱仪式不同：如果两个物种有不同的求爱仪式或交配行为，可能不会自然接触，因此可以通过控制或限制它们的接触来防止种间繁殖。

D) 潜在配偶繁殖季节相似：如果两个物种的繁殖季节相同，很容易发生自然交配，因此这不是一种防止种间繁殖的方法。

综上所述，选项 D 是一种可能促进种间繁殖的因素，而不是防止它的示例。

Answer: D",high_school_biology,biology
3,A,A,细胞凋亡是程序性细胞死亡，是生物体的一个必要过程。关于细胞凋亡，以下哪项不正确？,随机发生。,在生物体不再需要时，特定细胞死亡。,积累了太多突变时，细胞会凋亡。,植物细胞被寄生虫感染时，凋亡会作为防御措施。,Invalid,答案：A,high_school_biology,biology
3,B,A,细胞凋亡是程序性细胞死亡，是生物体的一个必要过程。关于细胞凋亡，以下哪项不正确？,在生物体不再需要时，特定细胞死亡。,随机发生。,积累了太多突变时，细胞会凋亡。,植物细胞被寄生虫感染时，凋亡会作为防御措施。,Invalid,答案：B,high_school_biology,biology
3,C,A,细胞凋亡是程序性细胞死亡，是生物体的一个必要过程。关于细胞凋亡，以下哪项不正确？,在生物体不再需要时，特定细胞死亡。,积累了太多突变时，细胞会凋亡。,随机发生。,植物细胞被寄生虫感染时，凋亡会作为防御措施。,Invalid,答案：C,high_school_biology,biology
3,D,A,细胞凋亡是程序性细胞死亡，是生物体的一个必要过程。关于细胞凋亡，以下哪项不正确？,在生物体不再需要时，特定细胞死亡。,积累了太多突变时，细胞会凋亡。,植物细胞被寄生虫感染时，凋亡会作为防御措施。,随机发生。,Invalid,答案：D,high_school_biology,biology
4,A,B,导致野生猫和驯化猫不同斑纹的基因也会导致这些猫出现交叉眼（斜视），交叉眼略微适应不良。假设与交叉眼相关的斑纹模式具有高度适应性，结果是猫种群的斑纹模式和交叉眼均随时间增加。这些观察结果可支持以下哪种说法？,表型通常是折中的结果。,进化是渐进的，倾向于进化为更完美的种群。,自然选择会随时间减少种群中适应不良基因的频率。,多基因遗传一般适应不良，后代中应该不太常见。,B,"让我们一步步分析这个问题：

1. 首先，我们知道导致野生猫和驯化猫不同斑纹的基因也会导致这些猫出现交叉眼（斜视），这表明这些基因与两个特征（斑纹模式和交叉眼）有关。
2. 其次，问题提到“与交叉眼相关的斑纹模式具有高度适应性”，这意味着这种模式在自然选择下会被优化。
3. 然后，我们知道这些观察结果表明猫种群的斑纹模式和交叉眼随时间增加，这意味着这些特征在进化过程中变得更加普遍。

现在，让我们分析选项：

A) 表型通常是折中的结果：这个说法不太可能，因为问题中提到“高度适应性”的斑纹模式会被优化，而不是折中。

B) 进化是渐进的，倾向于进化为更完美的种群：这个说法与观察结果相符，因为斑纹模式和交叉眼随时间增加，这意味着它们在进化过程中变得更加普遍。

C) 自然选择会随时间减少种群中适应不良基因的频率：这个说法与观察结果相反，因为问题表明这些特征在进化过程中变得更加普遍，而不是减少。

D) 多基因遗传一般适应不良，后代中应该不太常见：这个说法也不太可能，因为问题中提到“高度适应性”的斑纹模式会被优化，这意味着这些特征在进化过程中变得更加普遍。

综上所述，我们可以得出结论：

Answer: B",high_school_biology,biology
4,B,B,导致野生猫和驯化猫不同斑纹的基因也会导致这些猫出现交叉眼（斜视），交叉眼略微适应不良。假设与交叉眼相关的斑纹模式具有高度适应性，结果是猫种群的斑纹模式和交叉眼均随时间增加。这些观察结果可支持以下哪种说法？,进化是渐进的，倾向于进化为更完美的种群。,表型通常是折中的结果。,自然选择会随时间减少种群中适应不良基因的频率。,多基因遗传一般适应不良，后代中应该不太常见。,A,"首先，我们需要了解进化生物学中的基本概念。进化是通过自然选择、变异和遗传物质交换等机制来产生种群变化的过程。

在这个问题中，我们被告知，导致野生猫和驯化猫不同斑纹的基因也会导致这些猫出现交叉眼（斜视），并且这种情况在这些猫种群中变得更加普遍。我们还知道，与交叉眼相关的斑纹模式具有高度适应性，这意味着它们能够更好地与环境进行匹配。

现在，让我们分析选项：

A) 进化是渐进的，倾向于进化为更完美的种群。这个说法是正确的，因为进化是一个渐进的过程，它通过自然选择、变异和遗传物质交换等机制来产生种群变化。

B) 表型通常是折中的结果。这不是一个准确的描述。在生物学中，表型可以是多样性的，甚至可能出现极端的情况。这种说法太过简单化了生物系统的复杂性。

C) 自然选择会随时间减少种群中适应不良基因的频率。这是一个错误的说法。自然选择实际上会增加种群中适应不良基因的频率，因为那些具有这些基因的个体更有可能生存并繁殖。

D) 多基因遗传一般适应不良，后代中应该不太常见。这不是一个准确的描述。在生物学中，多基因遗传通常会导致复杂的表型和多样性，而不是简单地适应不良。

综上所述，我们可以得出结论：

Answer: A",high_school_biology,biology
4,C,B,导致野生猫和驯化猫不同斑纹的基因也会导致这些猫出现交叉眼（斜视），交叉眼略微适应不良。假设与交叉眼相关的斑纹模式具有高度适应性，结果是猫种群的斑纹模式和交叉眼均随时间增加。这些观察结果可支持以下哪种说法？,进化是渐进的，倾向于进化为更完美的种群。,自然选择会随时间减少种群中适应不良基因的频率。,表型通常是折中的结果。,多基因遗传一般适应不良，后代中应该不太常见。,A,"首先，我们需要了解进化和自然选择的基本原理。进化是一种渐进的过程，它通过基因变异、突变、遗传变异等方式实现的。自然选择是进化的一个关键机制，指的是环境压力导致个体生存率的变化，从而影响到基因频率的变化。

在这个问题中，我们被告知与交叉眼相关的斑纹模式具有高度适应性，这意味着这种模式在自然选择下会获得优势。随着时间的推移，猫种群的斑纹模式和交叉眼都出现了增加。这表明，进化过程中，基因变异和突变导致这些特征的变化是渐进的。

选项A“进化是渐进的，倾向于进化为更完美的种群”是正确的，因为它反映了进化的基本原理。选项B“自然选择会随时间减少种群中适应不良基因的频率”是不正确的，因为如果斑纹模式具有高度适应性，自然选择就会增加这种基因的频率，而不是减少。

选项C“表型通常是折中的结果”是不正确的，因为在这个问题中，我们看到的是一种趋势，即交叉眼和斑纹模式都出现了增加，这意味着它们可能不再是“折中的结果”。

选项D“多基因遗传一般适应不良，后代中应该不太常见”是不正确的，因为如果斑纹模式具有高度适应性，它们在后代中仍然会出现。

因此，最合理的答案是：

Answer: A",high_school_biology,biology
4,D,B,导致野生猫和驯化猫不同斑纹的基因也会导致这些猫出现交叉眼（斜视），交叉眼略微适应不良。假设与交叉眼相关的斑纹模式具有高度适应性，结果是猫种群的斑纹模式和交叉眼均随时间增加。这些观察结果可支持以下哪种说法？,进化是渐进的，倾向于进化为更完美的种群。,自然选择会随时间减少种群中适应不良基因的频率。,多基因遗传一般适应不良，后代中应该不太常见。,表型通常是折中的结果。,A,"首先，我们需要了解进化和自然选择的基本原理。进化是一种渐进的过程，它通过基因变异、突变、遗传变异等方式实现的。自然选择则是指在个体之间选择那些具有适应性特征的个体，以增加其生存和繁殖机会。

现在，让我们分析题目中的观察结果：

1. 与交叉眼相关的斑纹模式具有高度适应性，这意味着这种模式在自然环境中有明显的优势。
2. 这种模式随时间而变化，导致猫种群的斑纹模式和交叉眼均增加。

根据这些观察结果，我们可以得出以下结论：

- 进化是渐进的，并且倾向于进化为更完美的种群（选项A）。这是因为随时间而变化的特征表明了进化过程的渐进性。
- 自然选择会随时间减少种群中适应不良基因的频率（选项B）。这与观察结果相矛盾，因为交叉眼和斑纹模式都在增加，而不是减少。
- 多基因遗传一般适应不良，后代中应该不太常见（选项C）。这是因为如果多基因遗传导致适应不良，那么这些基因的频率应该会减少，而不是增加。
- 表型通常是折中的结果（选项D）。这与观察结果相矛盾，因为斑纹模式和交叉眼都在增加，而不是减少。

综上所述，正确答案是：

Answer: A",high_school_biology,biology
5,A,C,家系信息支持以下哪种说法？,如果第 II 代的父母 1 和 2 生了另一个孩子，孩子患尿黑酸尿症的几率为 25%。,P 代母体为 X-X。,P 代父亲为 X-Y。,女性 1 的基因型为 X-X。,C,"根据题目提供的信息，我们可以分析如下：

- 第 II 代的父母 1 和 2 生了另一个孩子，这意味着第 II 代有两个父母，且他们都不是第 I 代的父母。这是因为第 I 代的父母生了第 II 代的孩子，所以第 II 代的父母一定是第 I 代的子女。

- 如果第 II 代的父母 1 和 2 生了另一个孩子，这意味着第 II 代有两个父母，而不是一个父母。因此，选项 A 是错误的，因为它假设第 II 代只有一个父母。

- P 代母体为 X-X。这意味着P代的母亲是纯合子（没有Y染色体），所以她不能传递Y染色体给P代。

- P 代父亲为 X-Y。这意味着P代的父亲是XY型，含有Y染色体。因此，他可以传递Y染色体给P代。

- 女性 1 的基因型为 X-X。这意味着女性 1 是纯合子（没有Y染色体），所以她不能传递Y染色体给第 I 代的孩子。

根据上述分析，正确答案是：

C) P 代父亲为 X-Y。

因为P代父亲含有Y染色体，可以传递给P代，从而增加了P代患尿黑酸尿症的几率。其他选项不符合题目提供的信息或逻辑。

Answer: C",high_school_biology,biology
5,B,C,家系信息支持以下哪种说法？,P 代母体为 X-X。,如果第 II 代的父母 1 和 2 生了另一个孩子，孩子患尿黑酸尿症的几率为 25%。,P 代父亲为 X-Y。,女性 1 的基因型为 X-X。,A,"根据题目提供的信息，我们可以逐步分析：

1. 第 II 代的父母 1 和 2 生了另一个孩子，这意味着第 III 代有两个父母，可能是同卵双胞胎或异卵双胞胎。
2. 如果第 II 代的父母 1 和 2 生了另一个孩子，那么这个孩子就不是他们的独生子女，而是他们的双胞胎之一。这意味着第 III 代有两个父母，可能是同卵双胞胎或异卵双胞胎。
3. 根据尿黑酸尿症的遗传模式，如果第 II 代的父母 1 和 2 生了另一个孩子，那么这个孩子患尿黑酸尿症的几率为 25%。这意味着第 III 代有两个父母，可能是同卵双胞胎或异卵双胞胎。
4. 根据题目提供的信息，我们可以推断出第 II 代的父母 1 和 2 是同卵双胞胎，因为他们生了另一个孩子，这意味着第 III 代有两个父母，可能是同卵双胞胎或异卵双胞胎。

因此，正确答案是：

A) P 代母体为 X-X。

因为如果第 II 代的父母 1 和 2 是同卵双胞胎，那么他们的孩子（第 III 代）就有 50% 的几率患尿黑酸尿症，而不是 25%。因此，正确答案是 A) P 代母体为 X-X。

Answer: A",high_school_biology,biology
5,C,C,家系信息支持以下哪种说法？,P 代母体为 X-X。,P 代父亲为 X-Y。,如果第 II 代的父母 1 和 2 生了另一个孩子，孩子患尿黑酸尿症的几率为 25%。,女性 1 的基因型为 X-X。,A,"根据题目提供的信息，我们可以逐步分析：

1. 家系信息支持女性 1 是 P 代母体，因为她是第一个孩子，且有两个孩子中有一个患尿黑酸尿症（这通常与X染色体有关）。
2. 因此，P 代母体为 X-X。
3. P 代父亲的基因型不明确，但根据题目提供的信息，我们可以排除选项 B，因为它提到了 Y 基因，这不是问题中给出的信息。
4. 选项 C 提到第 II 代的父母 1 和 2 生了另一个孩子，患尿黑酸尿症的几率为 25%。这并不直接支持任何说法，因此我们可以排除它。
5. 最后，选项 D 表示女性 1 的基因型为 X-X，这与我们的分析一致。

因此，我们可以得出结论：

Answer: A",high_school_biology,biology
5,D,C,家系信息支持以下哪种说法？,P 代母体为 X-X。,P 代父亲为 X-Y。,女性 1 的基因型为 X-X。,如果第 II 代的父母 1 和 2 生了另一个孩子，孩子患尿黑酸尿症的几率为 25%。,C,"根据题目提供的信息，我们可以逐步分析：

1. 第 I 代的母亲（P）是X-X，这意味着她是 homozygous recessive。
2. 第 I 代的父亲（P）的基因型不明，但我们知道他的孩子患尿黑酸尿症的几率为 25%。
3. 如果第 II 代的父母 1 和 2 生了另一个孩子，且该孩子患尿黑酸尿症，那么这意味着第 II 代的母亲也是X-X，因为她是第 I 代的母亲的妹妹或同卵双胞胎的妹妹。

现在，我们来分析选项：

A) P 代母体为 X-X。这不一定正确，因为我们不知道P代父亲的基因型。

B) P 代父亲为 X-Y。这也不一定正确，因为我们不知道第I代父亲的基因型。

C) 女性 1 的基因型为 X-X。这是正确的，因为她是第 I 代的母亲，根据题目提供的信息，她是 homozygous recessive。

D) 如果第 II 代的父母 1 和 2 生了另一个孩子，孩子患尿黑酸尿症的几率为 25%。这不一定正确，因为我们不知道第II代父亲的基因型。

因此，唯一可以确定的信息是女性 1 的基因型为 X-X。

Answer: C",high_school_biology,biology
6,A,C,一个 DNA 分子的核苷酸序列为 5′-C-a-T-3′。在蛋白质合成过程中，具有互补密码子的 mRNA 分子从 DNA 转录，一个 tRNA 与 mRNA 密码子配对。此 tRNA 反密码子的核苷酸序列是什么？,5′-C-A-U-3′,5′-G-T-A-3′,5′-G-U-A-3′,5-′U-A-C-3′,C,"让我们一步步分析这个问题：

1. DNA 分子的核苷酸序列为 5′-C-a-T-3′。
2. 在蛋白质合成过程中，具有互补密码子的 mRNA 分子从 DNA 转录。
3. 一个 tRNA 与 mRNA 密码子配对。

首先，我们需要找到 mRNA 的反密码子。由于 mRNA 的反密码子是与其原来的序列互补的，因此我们可以通过找到 mRNA 序列中每个核苷酸的对应核苷酸来实现这一点：

- C（DNA）对应 G（mRNA）
- a（DNA）对应 U（mRNA）
- T（DNA）对应 A（mRNA）

因此，mRNA 的反密码子是 5′-G-U-A-3′。

现在，让我们看看选项中哪一个与我们的答案匹配：

A) 5′-C-A-U-3′：不正确，因为它没有包含 G。
B) 5′-G-T-A-3′：不正确，因为它包含了 T，而不是 U。
C) 5′-G-U-A-3′：正确，这是 mRNA 的反密码子。
D) 5-′U-A-C-3′：不正确，因为它没有包含 G。

因此，正确答案是：

Answer: C",high_school_biology,biology
6,B,C,一个 DNA 分子的核苷酸序列为 5′-C-a-T-3′。在蛋白质合成过程中，具有互补密码子的 mRNA 分子从 DNA 转录，一个 tRNA 与 mRNA 密码子配对。此 tRNA 反密码子的核苷酸序列是什么？,5′-G-T-A-3′,5′-C-A-U-3′,5′-G-U-A-3′,5-′U-A-C-3′,Invalid,"让我们一步步分析这个问题：

1. DNA 分子的核苷酸序列为 5′-C-a-T-3′。
2. 在蛋白质合成过程中，具有互补密码子的 mRNA 分子从 DNA 转录。
3. 一个 tRNA 与 mRNA 密码子配对。

首先，我们需要找到 mRNA 的反密码子。由于 mRNA 的反密码子是与其原来的序列互补的，因此我们可以通过找到 mRNA 序列中每个核苷酸的互补来找到反密码子的序列：

- C（DNA）-> G（mRNA）
- a（DNA）-> U（mRNA）
- T（DNA）-> A（mRNA）

因此，mRNA 的反密码子是 5′-G-U-A-3′。

现在，我们需要找到 tRNA 反密码子的序列。tRNA 反密码子是与其对应 mRNA 序列的互补，因此我们可以通过找到 mRNA 序列中每个核苷酸的互补来找到 tRNA 反密码子的序列：

- G（mRNA）-> C（tRNA）
- U（mRNA）-> A（tRNA）
- A（mRNA）-> U（tRNA）

因此，tRNA 反密码子是 5′-C-A-U-3′。

答案：B",high_school_biology,biology
6,C,C,一个 DNA 分子的核苷酸序列为 5′-C-a-T-3′。在蛋白质合成过程中，具有互补密码子的 mRNA 分子从 DNA 转录，一个 tRNA 与 mRNA 密码子配对。此 tRNA 反密码子的核苷酸序列是什么？,5′-G-T-A-3′,5′-G-U-A-3′,5′-C-A-U-3′,5-′U-A-C-3′,Invalid,"让我们一步步分析这个问题：

1. DNA 分子的核苷酸序列为 5′-C-a-T-3′。
2. 在蛋白质合成过程中，具有互补密码子的 mRNA 分子从 DNA 转录。
3. 一个 tRNA 与 mRNA 密码子配对。

首先，我们需要找到 mRNA 的反密码子。由于 mRNA 的反密码子是与其原来的序列互补的，因此我们可以通过找到 mRNA 序列中每个核苷酸的对应核苷酸来实现这一点：

- C（DNA）对应 G（mRNA）
- a（DNA）对应 U（mRNA）
- T（DNA）对应 A（mRNA）

因此，反密码子的序列为 5′-G-U-A-3′。

答案：B",high_school_biology,biology
6,D,C,一个 DNA 分子的核苷酸序列为 5′-C-a-T-3′。在蛋白质合成过程中，具有互补密码子的 mRNA 分子从 DNA 转录，一个 tRNA 与 mRNA 密码子配对。此 tRNA 反密码子的核苷酸序列是什么？,5′-G-T-A-3′,5′-G-U-A-3′,5-′U-A-C-3′,5′-C-A-U-3′,B,"让我们一步步分析这个问题：

1. DNA 分子的核苷酸序列为 5′-C-a-T-3′。
2. 在蛋白质合成过程中，具有互补密码子的 mRNA 分子从 DNA 转录。
3. 一个 tRNA 与 mRNA 密码子配对。

首先，我们需要找到 mRNA 的反密码子。由于 mRNA 的反密码子是与其原来的序列互补的，因此我们可以通过找到 mRNA 序列中每个核苷酸的对应核苷酸来实现这一点：

- C（DNA）对应 G（mRNA）
- a（DNA）对应 U（mRNA）
- T（DNA）对应 A（mRNA）

因此，mRNA 的反密码子是 5′-G-U-A-3′。

现在，让我们看看选项中哪一个与我们的答案匹配：

A) 5′-G-T-A-3′：不正确，因为它没有包含 U。
B) 5′-G-U-A-3′：正确，这是 mRNA 的反密码子。
C) 5-′U-A-C-3′：不正确，因为它没有包含 G 和 A。
D) 5′-C-A-U-3′：不正确，因为它没有包含 G。

因此，正确答案是：

Answer: B",high_school_biology,biology
7,A,C,蓝藻与单细胞绿藻有何不同？,蓝藻没有细胞核。,蓝藻还原硫化合物。,蓝藻没有细胞壁。,绿藻产生细胞膜。,B,"首先，我们需要了解蓝藻和单细胞绿藻的基本区别。

蓝藻（Cyanobacteria）是一类特殊的细菌，它们能够进行光合作用，并且是 photosynthetic 的。它们的细胞壁通常由肽聚糖组成，而不是像植物那样具有 cellulose 细胞壁。

单细胞绿藻（Chlorophyta），则是一类真核生物，它们也能进行光合作用，但它们的细胞结构和功能与蓝藻有所不同。单细胞绿藻的细胞膜是由磷脂组成的，而不是肽聚糖。

现在，让我们来分析选项：

A) 蓝藻没有细胞核：这是不正确的，蓝藻和单细胞绿藻都具有细胞核。

B) 蓝藻还原硫化合物：这是正确的，蓝藻能够进行硫化合物的还原，这是它们进行光合作用的关键步骤之一。

C) 蓝藻没有细胞壁：这是不正确的，蓝藻的细胞壁通常由肽聚糖组成。

D) 绿藻产生细胞膜：这是不正确的，单细胞绿藻的细胞膜是由磷脂组成，而不是肽聚糖。

因此，正确答案是：

Answer: B",college_biology,biology
7,B,C,蓝藻与单细胞绿藻有何不同？,蓝藻还原硫化合物。,蓝藻没有细胞核。,蓝藻没有细胞壁。,绿藻产生细胞膜。,C,"首先，我们需要了解蓝藻和单细胞绿藻的基本特性。

蓝藻（Cyanobacteria）是一类特殊的细菌，它们能够进行光合作用，并且是地球上最早的 photosynthetic生物之一。它们的细胞壁通常由肽聚糖组成，而不是像植物那样具有 cellulose 细胞壁。

单细胞绿藻（Chlorophyta），则是一类真核生物，它们也能进行光合作用，但它们的细胞结构与蓝藻有所不同。单细胞绿藻的细胞壁通常由肽聚糖和纤维素组成，而不是像蓝藻那样仅有肽聚糖。

现在，让我们来分析选项：

A) 蓝藻还原硫化合物：这是蓝藻的一个特征，它们能够将硫化合物还原为硫酸盐，从而产生能量。

B) 蓝藻没有细胞核：这不是一个准确的描述。蓝藻的细胞结构与单细胞绿藻不同，但它们都有细胞核。

C) 蓝藻没有细胞壁：这是正确的。蓝藻的细胞壁通常由肽聚糖组成，而不是像植物那样具有 cellulose 细胞壁。

D) 绿藻产生细胞膜：这不是一个准确的描述。单细胞绿藻的细胞膜与蓝藻不同，但它们都有细胞膜。

综上所述，正确答案是：

Answer: C",college_biology,biology
7,C,C,蓝藻与单细胞绿藻有何不同？,蓝藻还原硫化合物。,蓝藻没有细胞壁。,蓝藻没有细胞核。,绿藻产生细胞膜。,B,"首先，我们需要了解蓝藻和单细胞绿藻的基本特性。

蓝藻（Cyanobacteria）是一类特殊的细菌，它们能够进行光合作用，并且是 photosynthetic 的。它们的细胞壁通常由肽聚糖组成，而不是像植物那样具有 cellulose 细胞壁。

单细胞绿藻（Chlorophyta），则是一类真核生物，它们也能进行光合作用。它们的细胞膜和细胞核结构与蓝藻不同，具有典型的真核生物特征。

现在，让我们分析选项：

A) 蓝藻还原硫化合物：这是蓝藻的一个特性，但这并不是它们与单细胞绿藻之间的主要区别。

B) 蓝藻没有细胞壁：这是正确的。蓝藻的细胞壁通常由肽聚糖组成，而不是像植物那样具有 cellulose 细胞壁。

C) 蓝藻没有细胞核：这不正确。蓝藻是细菌，具有单细胞结构，但它们仍然有细胞核。

D) 绿藻产生细胞膜：这是一个混淆的选项，因为绿藻是一类真核生物，它们确实具有细胞膜和细胞核。

综上所述，最合适的答案是：

Answer: B",college_biology,biology
7,D,C,蓝藻与单细胞绿藻有何不同？,蓝藻还原硫化合物。,蓝藻没有细胞壁。,绿藻产生细胞膜。,蓝藻没有细胞核。,D,"首先，我们需要了解蓝藻和单细胞绿藻的基本区别。

蓝藻（Cyanobacteria）是一类特殊的细菌，它们能够进行光合作用，并且是地球上最古老的生物之一。它们通常生活在水中，例如湖泊、河流和海洋中。

单细胞绿藻（Chlorophyta），也称为绿色藻，是一种真核生物，它们也是通过光合作用来产生能量的。它们通常生活在水中或是湿润的土壤中。

现在，让我们分析每个选项：

A) 蓝藻还原硫化合物：蓝藻能够进行氧化磷酸化和还原硫化合物，这是它们的独特之处。所以，这不是一个区别。

B) 蓝藻没有细胞壁：蓝藻通常具有细胞壁，但它可以是多种类型的细胞壁，如肽聚糖或多糖。单细胞绿藻也可能有细胞壁。这个选项不一定正确。

C) 绿藻产生细胞膜：这是一个错误的陈述，单细胞绿藻实际上没有细胞膜，它们的细胞结构是由细胞质和细胞核组成的。

D) 蓝藻没有细胞核：蓝藻是一种细菌，它们不具有真核生物的细胞核。因此，这是一个正确的区别。

综上所述，唯一一个准确描述蓝藻与单细胞绿藻不同之处的是：

Answer: D",college_biology,biology
8,A,D,在实验室实践练习中，一名学生切下植物叶片盘状部分，并将其放入装有水的烧杯中。在水中加入一滴肥皂以帮助浸没叶片。肥皂帮助浸没叶片盘状部分的方式是什么？,肥皂分子疏水区域附着于蜡质叶面，而亲水区域与水分子形成氢键。,肥皂分子经叶片气孔进入，并与氧分子结合。,肥皂分子与叶片表面气泡结合，并将其去除。,肥皂分子降低了水的 pH 值，以便过量 H + 与叶面结合。,A,"肥皂分子的疏水区域会附着在蜡质叶面的部分，而亲水区域则会与水分子形成氢键，这样就能帮助浸没叶片盘状部分。

Answer: A",high_school_biology,biology
8,B,D,在实验室实践练习中，一名学生切下植物叶片盘状部分，并将其放入装有水的烧杯中。在水中加入一滴肥皂以帮助浸没叶片。肥皂帮助浸没叶片盘状部分的方式是什么？,肥皂分子经叶片气孔进入，并与氧分子结合。,肥皂分子疏水区域附着于蜡质叶面，而亲水区域与水分子形成氢键。,肥皂分子与叶片表面气泡结合，并将其去除。,肥皂分子降低了水的 pH 值，以便过量 H + 与叶面结合。,B,"肥皂分子是疏水区域附着于蜡质叶面的，而亲水区域与水分子形成氢键，这样就能帮助浸没叶片盘状部分。

Answer: B",high_school_biology,biology
8,C,D,在实验室实践练习中，一名学生切下植物叶片盘状部分，并将其放入装有水的烧杯中。在水中加入一滴肥皂以帮助浸没叶片。肥皂帮助浸没叶片盘状部分的方式是什么？,肥皂分子经叶片气孔进入，并与氧分子结合。,肥皂分子与叶片表面气泡结合，并将其去除。,肥皂分子疏水区域附着于蜡质叶面，而亲水区域与水分子形成氢键。,肥皂分子降低了水的 pH 值，以便过量 H + 与叶面结合。,C,"C) 肥皂分子疏水区域附着于蜡质叶面，而亲水区域与水分子形成氢键。

肥皂分子具有疏水和亲水区域，这使得它们能够在水中形成微小的气泡。这些气泡可以附着到叶片表面的蜡质区域，使叶片更容易被浸没在水中。这是因为蜡质区域是疏水区域，肥皂分子可以附着在那里，而亲水区域则与水分子形成氢键，从而使叶片更容易被浸没。

Answer: C",high_school_biology,biology
8,D,D,在实验室实践练习中，一名学生切下植物叶片盘状部分，并将其放入装有水的烧杯中。在水中加入一滴肥皂以帮助浸没叶片。肥皂帮助浸没叶片盘状部分的方式是什么？,肥皂分子经叶片气孔进入，并与氧分子结合。,肥皂分子与叶片表面气泡结合，并将其去除。,肥皂分子降低了水的 pH 值，以便过量 H + 与叶面结合。,肥皂分子疏水区域附着于蜡质叶面，而亲水区域与水分子形成氢键。,D,"为了解决这个问题，我们需要了解肥皂在水中的行为以及它如何影响叶片的浸没。

首先，肥皂是一种 surfactant（表面活性剂），它具有两种相互作用的部分：疏水部分和亲水部分。疏水部分是脂质分子的一部分，它们不溶于水，而亲水部分则是极性分子的一部分，它们可以溶解在水中。

当肥皂加入到水中时，疏水部分会聚集在一起形成微小的泡沫，而亲水部分则会与水分子形成氢键。这种表面活性作用使得肥皂能够降低水的表面张力，从而使得叶片更容易浸没。

现在，让我们分析选项：

A) 肥皂分子经叶片气孔进入，并与氧分子结合：这是不正确的，因为肥皂分子主要是通过表面活性作用来影响水的行为，而不是通过与氧分子结合。

B) 肥皂分子与叶片表面气泡结合，并将其去除：这是不正确的，因为肥皂分子实际上是帮助形成和维持气泡，而不是去除它们。

C) 肥皂分子降低了水的 pH 值，以便过量 H + 与叶面结合：这是不正确的，因为肥皂分子的 pH 值变化并不是它在浸没叶片中的主要机制。

D) 肥皂分子疏水区域附着于蜡质叶面，而亲水区域与水分子形成氢键：这是正确的，因为这正是肥皂在水中的表面活性作用。通过这种方式，肥皂帮助叶片更容易浸没。

Answer: D",high_school_biology,biology
9,A,A,以下所有物质都可能存在于结缔组织中，除了,凝血酶,糖胺聚糖,胶原蛋白,成纤维细胞,D,"首先，我们来分析每个选项：

A) 凝血酶：凝血酶是存在于结缔组织中的，特别是在成纤维细胞中。

B) 糖胺聚糖：糖胺聚糖是一种重要的蛋白质组成部分，存在于结缔组织中。

C) 胶原蛋白：胶原蛋白也是结缔组织的一部分，是一种主要的蛋白质组成部分。

D) 成纤维细胞：成纤维细胞是结缔组织中的一个关键结构单位，它们负责产生胶原蛋白并形成网状结构。

考虑到这些信息，我们可以看到所有选项都存在于结缔组织中。然而，问题要求我们找出“除了”哪个物质。这个问题的关键在于理解“除了”的含义。由于所有选项都存在于结缔组织中，因此“除了”并不能指向一个具体的选项。

但是，如果我们必须选择一个，那么我们可以说成纤维细胞（D）不是一种“物质”，而是一种细胞类型。因此，根据这个解释，“除了”最合适的答案是：

Answer: D",college_biology,biology
9,B,A,以下所有物质都可能存在于结缔组织中，除了,糖胺聚糖,凝血酶,胶原蛋白,成纤维细胞,D,"首先，我们来分析每个选项：

A) 糖胺聚糖：这是结缔组织中的一种主要成分，负责提供结构支持和稳定。

B) 凝血酶：凝血酶是存在于血液中的蛋白质，它们参与血液的凝固过程，但它们也可以在结缔组织中发现，特别是在骨骼和肌肉中。

C) 胶原蛋白：胶原蛋白是结缔组织中最主要的蛋白质成分之一，它们负责提供结构支持和稳定。

D) 成纤维细胞：成纤维细胞是一种特殊类型的细胞，负责产生胶原蛋白并将其排列成纤维。然而，这些细胞通常不被认为是结缔组织的一部分，而是作为结缔组织中特定的细胞之一。

因此，最合理的答案是：

Answer: D",college_biology,biology
9,C,A,以下所有物质都可能存在于结缔组织中，除了,糖胺聚糖,胶原蛋白,凝血酶,成纤维细胞,D,"首先，我们来分析每个选项：

A) 糖胺聚糖：这是结缔组织中的一种主要成分，特别是在胶原的结构中。

B) 胶原蛋白：这也是结缔组织中的一个关键组成部分，它提供了胶原的结构和功能。

C) 凝血酶：凝血酶是存在于血液中的蛋白质，但它也可以在结缔组织中发现，特别是在血管壁和其他组织中。

D) 成纤维细胞：这是一个关键点。成纤维细胞（或称为成纤维母细胞）是结缔组织的基本单位，它们负责产生胶原蛋白并形成胶原纤维。在结缔组织中，成纤维细胞是主要的细胞类型之一。

因此，我们可以看到，糖胺聚糖、胶原蛋白和凝血酶都可能存在于结缔组织中，而成纤维细胞则不是一种物质，而是一种细胞类型。所以，正确答案是：

Answer: D",college_biology,biology
9,D,A,以下所有物质都可能存在于结缔组织中，除了,糖胺聚糖,胶原蛋白,成纤维细胞,凝血酶,D,"首先，我们来分析每个选项：

A) 糖胺聚糖：这是结缔组织中的一种主要成分，特别是在胶原和结缔组织中的胶原蛋白中。

B) 胶原蛋白：这也是结缔组织的主要组成部分之一，提供结构支持和稳定性。

C) 成纤维细胞：这些细胞是结缔组织中形成胶原蛋白的细胞，它们通过分泌胶原蛋白来贡献到结缔组织的结构和功能。

D) 凝血酶：凝血酶主要存在于血液中，而不是结缔组织中。它在血液凝固过程中起着至关重要的作用。

因此，根据以上分析，我们可以得出结论：

Answer: D",college_biology,biology
10,A,A,环节动物和节肢动物相似之处在于两门的成员都,具有分节的身体,具有封闭的循环系统,通过湿润的膜扩散进行气体交换,具有发达的感觉器官,A,"首先，我们需要了解环节动物（如蜱、蚤和昆虫）和节肢动物（如 insects 和甲壳类）的基本特征。

环节动物和节肢动物都具有分节的身体，这意味着它们的身体可以被分成不同的部分，每个部分都有自己的功能。例如，蜱的身体可以分为头部、胸部和腹部，而蚤的身体可以分为头部、胸部和尾部。

虽然环节动物和节肢动物都具有封闭的循环系统，但这并不是它们之间的主要相似之处。环节动物的循环系统是通过血液循环来实现的，而节肢动物的循环系统也是通过血液循环来实现的。

环节动物和节肢动物都通过湿润的膜扩散进行气体交换，但这也不是它们之间的主要相似之处。两者都有这种方式进行气体交换，但它并不是他们之间的共同特征。

最后，虽然环节动物和节肢动物都具有发达的感觉器官，但这并不是它们之间的主要相似之处。两者都有发达的感觉器官，但它并不是他们之间的共同特征。

综上所述，环节动物和节肢动物的主要相似之处在于它们都具有分节的身体。

Answer: A",college_biology,biology
10,B,A,环节动物和节肢动物相似之处在于两门的成员都,具有封闭的循环系统,具有分节的身体,通过湿润的膜扩散进行气体交换,具有发达的感觉器官,B,"首先，我们来分析每个选项：

A) 具有封闭的循环系统：虽然某些环节动物和节肢动物可能具有封闭的循环系统，但这并不是两者都共有的特征。

B) 具有分节的身体：这是正确的。环节动物（如蜱、虾）和节肢动物（如昆虫、甲壳类）都是具有分节的身体结构，这是它们与其他动物群体的一个共同点。

C) 通过湿润的膜扩散进行气体交换：这是许多动物，包括哺乳动物和鸟类，但不是环节动物和节肢动物的特征。

D) 具有发达的感觉器官：虽然某些环节动物和节肢动物可能具有发达的感觉器官，但这并不是两者都共有的特征。

综上所述，正确答案是：

Answer: B",college_biology,biology
10,C,A,环节动物和节肢动物相似之处在于两门的成员都,具有封闭的循环系统,通过湿润的膜扩散进行气体交换,具有分节的身体,具有发达的感觉器官,C,"首先，我们来分析每个选项：

A) 具有封闭的循环系统：虽然某些环节动物和节肢动物可能具有封闭的循环系统，但这并不是两者都共有的特征。

B) 通过湿润的膜扩散进行气体交换：这是许多生物（包括人类）的基本生理过程，但它并不特异于环节动物和节肢动物。

C) 具有分节的身体：这是两个类别最明显的共同点。环节动物（如蜱、虾）和节肢动物（如昆虫、甲壳类）都具有分节的身体结构，这使得它们能够生存和繁殖。

D) 具有发达的感觉器官：虽然某些环节动物和节肢动物可能具有发达的感觉器官，但这并不是两者都共有的特征。

综上所述，环节动物和节肢动物最明显的共同点是它们都具有分节的身体结构。

Answer: C",college_biology,biology
10,D,A,环节动物和节肢动物相似之处在于两门的成员都,具有封闭的循环系统,通过湿润的膜扩散进行气体交换,具有发达的感觉器官,具有分节的身体,D,"首先，我们来分析每个选项：

A) 具有封闭的循环系统：虽然某些环节动物和节肢动物可能具有封闭的循环系统，但这并不是两者都共有的特征。

B) 通过湿润的膜扩散进行气体交换：这是许多生物（包括人类）的基本生理过程，但它并不特异于环节动物和节肢动物。

C) 具有发达的感觉器官：虽然某些环节动物和节肢动物可能具有发达的感觉器官，但这也不是两者都共有的特征。

D) 具有分节的身体：这是环节动物（如蜱、虾）和节肢动物（如昆虫、甲壳类）的共同特征。它们的身体可以分为不同的部分，每个部分具有自己的功能，这使得它们能够适应不同环境。

综上所述，正确答案是：

Answer: D",college_biology,biology
11,A,D,尽管突变发生率有规律性且可预测，但以下哪种说法最不可能是突变频率似乎较低的原因？,可预测的突变发生率导致基因库持续变异。,一些突变产生的等位基因是隐性的，可能不会表达。,一些不良表型性状可能无法繁殖。,一些突变会引起非常剧烈的表型变化，导致基因库中将其移除。,D,"突变频率似乎较低的原因包括：

A) 可预测的突变发生率导致基因库持续变异：这是可能的，因为如果突变发生率是可预测的，那么基因库中的变异性也会保持稳定。

B) 一些突变产生的等位基因是隐性的，可能不会表达：这也是可能的，因为一些突变可能导致基因失活或表达不全，从而减少了突变的影响。

C) 一些不良表型性状可能无法繁殖：这是可能的，因为如果某些突变引起的不良表型性状使个体难以生存或繁殖，那么这些突变就更有可能被移除。

D) 一些突变会引起非常剧烈的表型变化，导致基因库中将其移除：这不是一个很可能的原因，因为如果某些突变引起了非常剧烈的表型变化，那么它们不太可能被移除。相反，这种情况更有可能是突变频率较高的原因。

因此，最不可能的原因是：

Answer: D",high_school_biology,biology
11,B,D,尽管突变发生率有规律性且可预测，但以下哪种说法最不可能是突变频率似乎较低的原因？,一些突变产生的等位基因是隐性的，可能不会表达。,可预测的突变发生率导致基因库持续变异。,一些不良表型性状可能无法繁殖。,一些突变会引起非常剧烈的表型变化，导致基因库中将其移除。,D,"突变频率似乎较低的原因包括：

A) 一些突变产生的等位基因是隐性的，可能不会表达。

B) 可预测的突变发生率导致基因库持续变异。

C) 一些不良表型性状可能无法繁殖。

D) 一些突变会引起非常剧烈的表型变化，导致基因库中将其移除。

因此，最不可能的原因是：

D) 一些突变会引起非常剧烈的表型变化，导致基因库中将其移除。

因为如果某个突变引起了非常剧烈的表型变化，那么它很可能会被基因库中的其他个体排斥或死亡，从而减少突变频率，而不是增加它。

Answer: D",high_school_biology,biology
11,C,D,尽管突变发生率有规律性且可预测，但以下哪种说法最不可能是突变频率似乎较低的原因？,一些突变产生的等位基因是隐性的，可能不会表达。,一些不良表型性状可能无法繁殖。,可预测的突变发生率导致基因库持续变异。,一些突变会引起非常剧烈的表型变化，导致基因库中将其移除。,C,"突变频率似乎较低的原因包括：

A) 一些突变产生的等位基因是隐性的，可能不会表达。

B) 一些不良表型性状可能无法繁殖。

C) 可预测的突变发生率导致基因库持续变异。

D) 一些突变会引起非常剧烈的表型变化，导致基因库中将其移除。

因此，最不可能的原因是：

C) 可预测的突变发生率导致基因库持续变异。

因为可预测的突变发生率实际上意味着突变频率可以被预测和控制，而不是导致基因库持续变异。其他选项都是可能的原因，因为它们都解释了为什么突变频率似乎较低。

Answer: C",high_school_biology,biology
11,D,D,尽管突变发生率有规律性且可预测，但以下哪种说法最不可能是突变频率似乎较低的原因？,一些突变产生的等位基因是隐性的，可能不会表达。,一些不良表型性状可能无法繁殖。,一些突变会引起非常剧烈的表型变化，导致基因库中将其移除。,可预测的突变发生率导致基因库持续变异。,D,"突变频率似乎较低的原因主要是因为一些突变产生的等位基因是隐性的，可能不会表达（A）。这意味着即使发生了突变，但如果它影响到一个不重要的或隐性的等位基因，那么它就不会对个体造成显著的影响，从而导致突变频率似乎较低。

其他选项都是正确的，因为：

* 不良表型性状可能无法繁殖（B），这会导致突变被移除。
* 一些突变会引起非常剧烈的表型变化，导致基因库中将其移除（C）。
* 可预测的突变发生率导致基因库持续变异（D）。

因此，最不可能是突变频率似乎较低的原因的是选项 D。

Answer: D",high_school_biology,biology
12,A,A,在真菌中，细胞壁由以下哪种物质加固？,几丁质,硅,木质素,胶原纤维,A,"在真菌中，细胞壁的主要成分是几丁质（Chitin）。几丁质是一种长链的二硫醇类化合物，它提供了细胞壁的结构和强度。其他选项，如硅、木质素和胶原纤维，不是真菌细胞壁的主要组成部分。

Answer: A",college_biology,biology
12,B,A,在真菌中，细胞壁由以下哪种物质加固？,硅,几丁质,木质素,胶原纤维,B,"在真菌中，细胞壁的组成主要是几丁质。几丁质是一种多糖类物质，它提供了细胞壁的结构和支持功能。

Answer: B",college_biology,biology
12,C,A,在真菌中，细胞壁由以下哪种物质加固？,硅,木质素,几丁质,胶原纤维,C,"在真菌中，细胞壁的组成主要是几丁质。几丁质是一种多糖类物质，是真菌细胞壁的主要成分，它提供了结构和支持。

Answer: C",college_biology,biology
12,D,A,在真菌中，细胞壁由以下哪种物质加固？,硅,木质素,胶原纤维,几丁质,D,"首先，我们需要了解真菌的细胞壁结构。真菌的细胞壁主要是由几种不同成分组成的，其中最重要的是几丁质。

几丁质是一种 polysaccharide（多糖），它在真菌细胞壁中起着至关重要的作用，提供了结构和支持。其他选项，如硅、木质素和胶原纤维，不是真菌细胞壁的主要组成部分。

因此，我们可以排除选项A、B和C，因为它们不是真菌细胞壁的主要成分。

答案是 D) 几丁质。

Answer: D",college_biology,biology
13,A,B,非洲肺鱼常生活在不流动的小淡水池中。其鳃减少，与其他鱼类的不同之处是呼吸空气。不同之处还包括非洲肺鱼排出的氮废物为尿素而不是氨。以下哪种说法正确地解释了这如何对肺鱼有利？,氨有剧毒，会危及栖息在小水池中的肺鱼。,尿素不溶于水并沉于小水池底部。因此，鱼与有毒物质分隔开。,小水池中的其他鱼可使用尿素作为能源来源。,剧毒尿素使小水池不适合竞争对手生存。,B,"非洲肺鱼的特殊性在于它能够呼吸空气，这使得它能够在没有水的环境中生存。但是，问题中的关键信息是，它排出的氮废物为尿素，而不是氨。这个变化有利于肺鱼，因为尿素比氨更容易被分解和利用。

A) 这个选项是不正确的，因为氨并不是剧毒的，并且它不一定会危及栖息在小水池中的肺鱼。

B) 这个选项是正确的，因为尿素不溶于水，会沉积在小水池底部，这样可以分隔它与其他鱼类。这种变化使得肺鱼能够避免毒性物质的影响。

C) 这个选项是不正确的，因为尿素并不是一种可用于作为能源来源的物质。

D) 这个选项是不正确的，因为尿素并不剧毒，并且它不一定会使小水池不适合其他鱼类生存。

因此，正确答案是：

Answer: B",high_school_biology,biology
13,B,B,非洲肺鱼常生活在不流动的小淡水池中。其鳃减少，与其他鱼类的不同之处是呼吸空气。不同之处还包括非洲肺鱼排出的氮废物为尿素而不是氨。以下哪种说法正确地解释了这如何对肺鱼有利？,尿素不溶于水并沉于小水池底部。因此，鱼与有毒物质分隔开。,氨有剧毒，会危及栖息在小水池中的肺鱼。,小水池中的其他鱼可使用尿素作为能源来源。,剧毒尿素使小水池不适合竞争对手生存。,B,"非洲肺鱼的特殊性主要体现在其呼吸方式和排泄废物的方式上，这些特征使得它们能够在小淡水池中生存。尿素是一种较为稳定的化合物，相比之下氨更容易被微生物分解，因此在环境中会迅速变成其他物质。

选项A：尿素不溶于水并沉积在小水池底部，这意味着它不会与水混合。然而，这并不一定是有利的，因为尿素可能会在水池底部积累，导致环境污染。

选项B：氨是一种剧毒物质，它可以迅速被微生物分解，从而使其成为一种危险物质。非洲肺鱼通过排出尿素来避免这种情况，这是有利的，因为它减少了对自己和其他生物的潜在威胁。

选项C：虽然尿素是一种较为稳定的化合物，但它并不是一个可用于作为能源来源的物质。尿素主要是由肾脏产生的废物，非洲肺鱼通过排出尿素来清除体内的毒素，而不是利用它作为能量来源。

选项D：剧毒尿素使小水池不适合竞争对手生存。这并不是一个准确的描述。尿素本身并不一定是有毒的，它的危险性在于它会迅速被微生物分解，产生其他物质。非洲肺鱼通过排出尿素来避免这些潜在风险，而不是使其成为一种有害环境。

综上所述，最合适的答案是：

Answer: B",high_school_biology,biology
13,C,B,非洲肺鱼常生活在不流动的小淡水池中。其鳃减少，与其他鱼类的不同之处是呼吸空气。不同之处还包括非洲肺鱼排出的氮废物为尿素而不是氨。以下哪种说法正确地解释了这如何对肺鱼有利？,尿素不溶于水并沉于小水池底部。因此，鱼与有毒物质分隔开。,小水池中的其他鱼可使用尿素作为能源来源。,氨有剧毒，会危及栖息在小水池中的肺鱼。,剧毒尿素使小水池不适合竞争对手生存。,A,"非洲肺鱼的特殊性主要体现在其呼吸方式和排泄废物的方式上，这些特征使得它能够在小淡水池中生存并发 thrive。

首先，非洲肺鱼通过呼吸空气来获得氧气，而其他鱼类则通过呼吸水。这种不同方式使得非洲肺鱼能够在没有水的环境中生存，这对于生活在小水池中的它来说是非常有利的。

其次，非洲肺鱼排出的氮废物为尿素，而不是氨。这是一个关键点，因为尿素比氨更稳定，更不容易被微生物分解。这种特性使得尿素能够沉积在水池底部，不会污染整个池中。

现在，让我们来分析选项：

A) 尿素不溶于水并沉于小水池底部。这是正确的，因为尿素比氨更稳定，更容易沉积在水池底部。这种特性使得非洲肺鱼能够在没有污染的情况下生存。

B) 小水池中的其他鱼可使用尿素作为能源来源。这不是一个准确的说法。虽然尿素是一种有机化合物，但它并不是一种能量来源。尿素主要是氮废物的一部分，它通过生物化学过程被转化为其他物质。

C) 氨有剧毒，会危及栖息在小水池中的肺鱼。这不是一个准确的说法。虽然氨是一种有毒物质，但非洲肺鱼排出的尿素并不是氨。

D) 剧毒尿素使小水池不适合竞争对手生存。这不是一个准确的说法。尿素本身并不剧毒，它的主要问题是它会沉积在水池底部，不会污染整个池中。

综上所述，正确答案是：

Answer: A",high_school_biology,biology
13,D,B,非洲肺鱼常生活在不流动的小淡水池中。其鳃减少，与其他鱼类的不同之处是呼吸空气。不同之处还包括非洲肺鱼排出的氮废物为尿素而不是氨。以下哪种说法正确地解释了这如何对肺鱼有利？,尿素不溶于水并沉于小水池底部。因此，鱼与有毒物质分隔开。,小水池中的其他鱼可使用尿素作为能源来源。,剧毒尿素使小水池不适合竞争对手生存。,氨有剧毒，会危及栖息在小水池中的肺鱼。,A,"非洲肺鱼的特殊性主要体现在其呼吸方式和排泄废物的方式上，这些特征使得它们能够适应小水池的环境。

首先，我们来分析选项A：尿素不溶于水并沉于小水池底部。因此，鱼与有毒物质分隔开。这是正确的，因为尿素是一种较为稳定的化合物，它在水中不溶解，而氨则是更易溶解和更容易被微生物分解的物质。如果尿素沉积于小水池底部，则可以有效地将有毒物质隔离开，保护肺鱼免受这些物质的影响。

选项B：小水池中的其他鱼可使用尿素作为能源来源。这是不正确的，因为尿素是一种较为稳定的化合物，它不太容易被微生物分解，而氨则是更易溶解和更容易被微生物分解的物质。因此，尿素不是一种能被其他鱼类利用的能源来源。

选项C：剧毒尿素使小水池不适合竞争对手生存。这是不正确的，因为尿素虽然较为稳定，但它也不是一个剧毒物质。尿素的特性使得它能够有效地隔离有毒物质，而不是使整个环境变得不适合其他鱼类。

选项D：氨有剧毒，会危及栖息在小水池中的肺鱼。这是不正确的，因为氨是一种较为易溶解和易被微生物分解的物质，它实际上是更容易被其他微生物分解而不是肺鱼所能利用的。因此，氨本身并不是一个剧毒物质。

综上所述，最合适的答案是：

Answer: A",high_school_biology,biology
14,A,A,以下哪项导致根据同源蛋白的氨基酸序列确定不同物种进化相关性的准确性通常不如根据同源基因的核苷酸序列确定相关性？,沉默突变,基因重复,改变基因序列的易位事件,交叉互换,A,"根据同源蛋白的氨基酸序列和同源基因的核苷酸序列都可以用来确定不同物种进化相关性，但是它们有不同的局限性。

同源蛋白的氨基酸序列是通过多肽链结构和功能关系来确定的，而这些关系可能受到多种因素的影响，例如环境压力、遗传变异等。因此，根据同源蛋白的氨基酸序列确定相关性通常不如根据同源基因的核苷酸序列，因为后者可以更准确地反映基因的功能和表达。

沉默突变（A）是指在基因编码区域内没有发生任何变化的情况，这种情况下，同源蛋白的氨基酸序列可能仍然保持相似性。基因重复（B）是指基因序列的重复出现，这通常不会影响同源蛋白的氨基酸序列的相关性。改变基因序列的易位事件（C）可以导致同源蛋白的氨基酸序列发生变化，但这种变化可能不是进化相关性的直接指标。

交叉互换（D）是指两个不同物种之间基因的交换，这通常会导致同源蛋白的氨基酸序列发生变化，因此它不太可能影响根据同源蛋白的氨基酸序列确定相关性准确性的能力。

综上所述，根据同源蛋白的氨基酸序列确定不同物种进化相关性的准确性通常不如根据同源基因的核苷酸序列，因此正确答案是：

Answer: A",high_school_biology,biology
14,B,A,以下哪项导致根据同源蛋白的氨基酸序列确定不同物种进化相关性的准确性通常不如根据同源基因的核苷酸序列确定相关性？,基因重复,沉默突变,改变基因序列的易位事件,交叉互换,B,"根据同源蛋白的氨基酸序列和同源基因的核苷酸序列都可以用来确定不同物种进化相关性，但是它们有不同的局限性。

同源蛋白的氨基酸序列是通过多肽链结构和功能关系来确定的，而这些关系可能受到多种因素的影响，例如环境压力、遗传变异等。因此，根据同源蛋白的氨基酸序列确定相关性通常不如根据同源基因的核苷酸序列，因为后者可以更准确地反映基因的功能和表达。

选项A“基因重复”是导致同源蛋白和同源基因出现的机制，但它本身并不影响它们之间的相关性。选项B“沉默突变”是一种发生在基因中没有产生蛋白质的突变，可能会影响同源蛋白的氨基酸序列，但这也不是主要原因。选项C“改变基因序列的易位事件”是导致同源蛋白和同源基因出现不同序列的机制，这种情况下根据同源蛋白的氨基酸序列确定相关性可能会受到影响。

因此，正确答案是：

Answer: B",high_school_biology,biology
14,C,A,以下哪项导致根据同源蛋白的氨基酸序列确定不同物种进化相关性的准确性通常不如根据同源基因的核苷酸序列确定相关性？,基因重复,改变基因序列的易位事件,沉默突变,交叉互换,D,"根据同源蛋白的氨基酸序列确定不同物种进化相关性的准确性通常不如根据同源基因的核苷酸序列，因为后者可以更精确地反映基因功能和结构变化。基因重复（A）可能会导致同源性，但并不直接影响准确性。易位事件（B）可能会改变基因序列，但这也不是主要原因。沉默突变（C）是指基因不被表达，但仍保留在DNA中，这通常不会影响进化相关性的准确性。交叉互换（D）是指基因从一个物种转移到另一个物种，这可能会改变基因序列和进化相关性的准确性。

Answer: D",high_school_biology,biology
14,D,A,以下哪项导致根据同源蛋白的氨基酸序列确定不同物种进化相关性的准确性通常不如根据同源基因的核苷酸序列确定相关性？,基因重复,改变基因序列的易位事件,交叉互换,沉默突变,B,"根据同源蛋白的氨基酸序列确定不同物种进化相关性的准确性通常不如根据同源基因的核苷酸序列，因为氨基酸序列中存在许多变化，例如点突变、 frameshift突变等，这些变化可能会影响蛋白质的功能和结构。相比之下，核苷酸序列中的变化较少，因为DNA复制和转录过程中有许多校验机制来防止错误。

因此，正确答案是 B) 改变基因序列的易位事件。

Answer: B",high_school_biology,biology
15,A,B,在一项实验中，对两栖动物受精卵的第一个卵裂面进行了处理，使得灰色新月体只存在于第一次卵裂产生的两个卵裂球中的一个中。然后将两个卵裂球分离。卵裂球的预期结局是什么？,带有灰色新月体的卵裂球会形成一个完整但较小的胚胎。,带有灰色新月体的卵裂球会比没有灰色新月体的卵裂球更快生长。,没有灰色新月体的卵裂球会形成一个完整但较小的胚胎。,带有灰色新月体的卵裂球会在第二次卵裂前停止分裂并死亡。,Invalid,"让我们一步步分析这个问题：

1. 在实验中，第一个卵裂面被处理，使得只有一个卵裂球包含了灰色新月体。
2. 由于只有一个卵裂球包含了灰色新月体，因此带有灰色新月体的卵裂球将是唯一包含了灰色新月体的卵裂球。
3. 在第二次卵裂之前，带有灰色新月体的卵裂球会继续分裂，但由于只有一个卵裂球，所以它不会形成两个完整的胚胎。
4. 因此，带有灰色新月体的卵裂球将在第二次卵裂前停止分裂并死亡。

答案：D",college_biology,biology
15,B,B,在一项实验中，对两栖动物受精卵的第一个卵裂面进行了处理，使得灰色新月体只存在于第一次卵裂产生的两个卵裂球中的一个中。然后将两个卵裂球分离。卵裂球的预期结局是什么？,带有灰色新月体的卵裂球会比没有灰色新月体的卵裂球更快生长。,带有灰色新月体的卵裂球会形成一个完整但较小的胚胎。,没有灰色新月体的卵裂球会形成一个完整但较小的胚胎。,带有灰色新月体的卵裂球会在第二次卵裂前停止分裂并死亡。,B,"让我们一步步分析这个问题：

1. 在实验中，第一个卵裂面被处理，使得只有一个卵裂球包含了灰色新月体。
2. 由于只有一个卵裂球包含了灰色新月体，因此该卵裂球将继续分裂并形成胚胎。
3. 没有灰色新月体的卵裂球不会包含任何异常细胞，因此它们也会继续分裂并形成胚胎。

现在，让我们考虑每个选项：

A) 带有灰色新月体的卵裂球比没有灰色新月体的卵裂球更快生长。这是不正确的，因为没有灰色新月体的卵裂球也会继续分裂并形成胚胎。

B) 带有灰色新月体的卵裂球会形成一个完整但较小的胚胎。这是可能的，因为只有一个卵裂球包含了灰色新月体，但它仍然会继续分裂并形成胚胎。

C) 没有灰色新月体的卵裂球会形成一个完整但较小的胚胎。这也是可能的，因为没有灰色新月体的卵裂球也会继续分裂并形成胚胎。

D) 带有灰色新月体的卵裂球在第二次卵裂前停止分裂并死亡。这是不正确的，因为带有灰色新月体的卵裂球仍然会继续分裂并形成胚胎。

综上所述，选项B和C都是可能的结局，但问题要求选择一个最合适的答案。考虑到实验中处理第一个卵裂面的结果，我们可以推断出带有灰色新月体的卵裂球更有可能形成一个完整但较小的胚胎。

因此，最合适的答案是：

Answer: B",college_biology,biology
15,C,B,在一项实验中，对两栖动物受精卵的第一个卵裂面进行了处理，使得灰色新月体只存在于第一次卵裂产生的两个卵裂球中的一个中。然后将两个卵裂球分离。卵裂球的预期结局是什么？,带有灰色新月体的卵裂球会比没有灰色新月体的卵裂球更快生长。,没有灰色新月体的卵裂球会形成一个完整但较小的胚胎。,带有灰色新月体的卵裂球会形成一个完整但较小的胚胎。,带有灰色新月体的卵裂球会在第二次卵裂前停止分裂并死亡。,D,"让我们一步步分析这个问题：

1. 在实验中，第一个卵裂面被处理，使得只有一个卵裂球包含了灰色新月体。
2. 由于只有一个卵裂球包含了灰色新月体，因此带有灰色新月体的卵裂球将是唯一包含了灰色新月体的卵裂球。
3. 在第二次卵裂之前，带有灰色新月体的卵裂球会继续分裂，但由于只有一个卵裂球，所以它不会形成两个独立的卵裂球。
4. 因此，在第二次卵裂前，带有灰色新月体的卵裂球将停止分裂并死亡。

因此，正确答案是：

Answer: D",college_biology,biology
15,D,B,在一项实验中，对两栖动物受精卵的第一个卵裂面进行了处理，使得灰色新月体只存在于第一次卵裂产生的两个卵裂球中的一个中。然后将两个卵裂球分离。卵裂球的预期结局是什么？,带有灰色新月体的卵裂球会比没有灰色新月体的卵裂球更快生长。,没有灰色新月体的卵裂球会形成一个完整但较小的胚胎。,带有灰色新月体的卵裂球会在第二次卵裂前停止分裂并死亡。,带有灰色新月体的卵裂球会形成一个完整但较小的胚胎。,Invalid,"让我们一步步分析这个问题：

1. 在实验中，第一个卵裂面被处理，使得只有一个卵裂球包含了灰色新月体。
2. 由于只有一个卵裂球包含了灰色新月体，因此带有灰色新月体的卵裂球将是唯一的。
3. 在第二次卵裂之前，带有灰色新月体的卵裂球不会停止分裂并死亡，因为它仍然需要继续分裂以形成胚胎。

因此，我们可以排除选项C。
4. 带有灰色新月体的卵裂球将在第二次卵裂前停止分裂并死亡是不正确的，因为它仍然需要继续分裂以形成胚胎。所以我们可以排除选项C。
5. 带有灰色新月体的卵裂球会形成一个完整但较小的胚胎是正确的，因为只有一个卵裂球包含了灰色新月体。

因此，我们可以排除选项A和B。

答案：D",college_biology,biology
16,A,B,以下哪项不正确,胰岛素可减少糖原储存,甲状腺素可增加代谢率,加压素可刺激肾脏对水的重吸收,肾上腺素可增加血糖水平和心率,D,"首先，我们来分析每个选项：

A) 胰岛素确实可以减少糖原储存，因为它促进了葡萄糖进入细胞，从而降低了血液中的糖分。

B) 甲状腺素的作用是增加代谢率，包括心率和呼吸速率，因此这个选项是正确的。

C) 加压素（也称抗利尿激素）确实可以刺激肾脏对水的重吸收，这样身体就能保留更多的水分。

D) 肾上腺素虽然可以增加心率，但它实际上会降低血糖水平，因为它促进了葡萄糖从细胞中释放到血液中的过程。因此，肾上腺素通常不会直接导致血糖水平升高。

综上所述，不正确的选项是：

Answer: D",high_school_biology,biology
16,B,B,以下哪项不正确,甲状腺素可增加代谢率,胰岛素可减少糖原储存,加压素可刺激肾脏对水的重吸收,肾上腺素可增加血糖水平和心率,B,"首先，我们来分析每个选项：

A) 甲状腺素确实可以增加代谢率，因为它是调节新陈代谢的激素之一。所以，这个选项是正确的。

B) 胰岛素实际上可以促进糖原储存，而不是减少。胰岛素是一种降低血糖水平的激素，它通过促进糖原合成来实现这一点。因此，这个选项是不正确的。

C) 加压素（也称为抗利尿激素，ADH）确实可以刺激肾脏对水的重吸收，这是它调节体内水分平衡的一个关键机制。所以，这个选项是正确的。

D) 肾上腺素是一种“战斗或逃跑”反应的激素，它可以增加血糖水平和心率。因此，这个选项也是正确的。

综上所述，不正确的选项是：

Answer: B",high_school_biology,biology
16,C,B,以下哪项不正确,甲状腺素可增加代谢率,加压素可刺激肾脏对水的重吸收,胰岛素可减少糖原储存,肾上腺素可增加血糖水平和心率,C,"让我们一步步分析每个选项：

A) 甲状腺素确实可以增加代谢率，因为它是调节新陈代谢的激素之一。所以，这个选项是正确的。

B) 加压素（也称为抗利尿激素，ADH）确实可以刺激肾脏对水的重吸收，从而增加血液浓度和降低尿量。这是一个正确的描述。

C) 胰岛素实际上可以增加糖原储存，而不是减少。它促进了糖原合成，帮助调节血糖水平。所以，这个选项是不正确的。

D) 肾上腺素确实可以增加血糖水平和心率，它是身体应激反应中的关键激素之一。这个描述是准确的。

因此，不正确的选项是：

Answer: C",high_school_biology,biology
16,D,B,以下哪项不正确,甲状腺素可增加代谢率,加压素可刺激肾脏对水的重吸收,肾上腺素可增加血糖水平和心率,胰岛素可减少糖原储存,D,"让我们一步步分析每个选项：

A) 甲状腺素确实可以增加代谢率，因为它是调节新陈代谢的激素之一。所以，这个选项是正确的。

B) 加压素（也称为抗利尿激素，ADH）确实可以刺激肾脏对水的重吸收，从而帮助维持体内水分平衡。这个选项也是正确的。

C) 肾上腺素是一种激素，可以增加血糖水平和心率，因为它是身体应激反应中的关键物质之一。因此，这个选项也正确。

D) 胰岛素实际上可以增加糖原储存，而不是减少。胰岛素的作用是降低血糖水平，通过促进细胞对葡萄糖的摄取和储存。所以，这个选项是不正确的。

综上所述，不正确的选项是：

Answer: D",high_school_biology,biology
17,A,C,一只灰色羽毛公鸡和一只表型相同的母鸡产下 17 只灰色、7 只黑色和 8 只白色雏鸡。这些鸡的颜色遗传最简单解释是什么？,黑白颜色性状为不完全显性。,灰色性状比黑色性状具有上位性。,灰色性状比白色性状具有上位性。,黑白颜色性状为共显性。,C,"让我们一步步分析这个问题。

首先，我们需要了解基因的表现方式：

- 共显性（dominant）：一个基因会导致特定特征的表达，无论个体是否从父母那里继承了另一个相同的基因。
- 不完全显性（recessive）：一个基因会导致特定特征的表达，只当个体没有从父母那里继承另一个相同的基因时。

现在，让我们分析给出的信息：

- 灰色雏鸡：17 只
- 黑色雏鸡：7 只
- 白色雏鸡：8 只

由于灰色和黑色是显性特征，而白色则是隐性特征（因为如果没有灰色基因，雏鸡就不会有灰色），我们可以推断：

- 灰色雏鸡的父母一定都是灰色，因为只有当父母都有灰色基因时，雏鸡才会有灰色。
- 黑色雏鸡的父母可能是黑色或灰色，因为黑色是显性特征，可以从父母那里继承。
- 白色雏鸡的父母一定都是白色，因为只有当父母都没有灰色基因时，雏鸡才会有白色。

现在，让我们考虑选项：

A) 黑白颜色性状为不完全显性：这意味着黑色是隐性特征，但问题中没有提到黑色雏鸡的父母都是白色，所以这个解释不太可能。

B) 灰色性状比黑色性状具有上位性：如果灰色具有上位性，那么灰色雏鸡的父母一定是灰色，这与实际情况相矛盾，因为有 7 只黑色雏鸡。

C) 灰色性状比白色性状具有上位性：这意味着灰色是显性特征，而白色是隐性特征。只有当个体没有从父母那里继承灰色基因时，才会有白色。这与实际情况相符，因为只有 8 只白色雏鸡。

D) 黑白颜色性状为共显性：这意味着黑色和灰色都是显性特征，但问题中没有提到黑色雏鸡的父母都是黑色，所以这个解释不太可能。

综上所述，最合理的解释是：

Answer: C",high_school_biology,biology
17,B,C,一只灰色羽毛公鸡和一只表型相同的母鸡产下 17 只灰色、7 只黑色和 8 只白色雏鸡。这些鸡的颜色遗传最简单解释是什么？,灰色性状比黑色性状具有上位性。,黑白颜色性状为不完全显性。,灰色性状比白色性状具有上位性。,黑白颜色性状为共显性。,D,"让我们一步步分析这个问题。

首先，我们需要了解遗传原理。灰色、黑色和白色的这些鸡的颜色是通过基因决定的，每个基因都有不同的表达形式。

在这种情况下，我们看到：

- 灰色雏鸡：17 只
- 黑色雏鸡：7 只
- 白色雏鸡：8 只

我们可以观察到，灰色和黑色的比例是 17:7 = 2.43：1，而白色的比例与灰色和黑色的总数相比是 8：25 = 0.32：1。这意味着黑色雏鸡的数量远远少于灰色雏鸡的数量。

现在，让我们分析选项：

A) 灰色性状比黑色性状具有上位性。
这意味着如果一个基因决定了一个特定颜色的表达，那么另一个基因就不会影响它。然而，这个解释无法解释为什么灰色雏鸡的数量远远多于黑色雏鸡。

B) 黑白颜色性状为不完全显性。
这意味着一个基因决定了一个特定颜色的表达，但另一个基因会影响其表达。然而，这个解释也无法解释为什么灰色雏鸡的数量远远多于黑色雏鸡。

C) 灰色性状比白色性状具有上位性。
这意味着如果一个基因决定了一个特定颜色的表达，那么另一个基因就不会影响它。然而，这个解释无法解释为什么灰色雏鸡的数量远远多于黑色雏鸡。

D) 黑白颜色性状为共显性。
这意味着如果一个基因决定了一个特定颜色的表达，那么另一个基因也会影响其表达。这种情况下，如果一个基因决定了灰色，则另一个基因决定了黑色或白色。

现在，让我们考虑一下这个问题的结果：

- 灰色雏鸡：17 只
- 黑色雏鸡：7 只
- 白色雏鸡：8 只

如果灰色和黑色的颜色是共显性的，那么灰色雏鸡的数量应该是灰色基因的表达形式之一，而黑色雏鸡的数量应该是另一个基因决定的黑色表达形式。由于灰色雏鸡的数量远远多于黑色雏鸡，因此我们可以推断出灰色基因的表达形式为 dominant（上位），而黑色基因的表达形式为 recessive（下位）。

因此，正确答案是：

Answer: D",high_school_biology,biology
17,C,C,一只灰色羽毛公鸡和一只表型相同的母鸡产下 17 只灰色、7 只黑色和 8 只白色雏鸡。这些鸡的颜色遗传最简单解释是什么？,灰色性状比黑色性状具有上位性。,灰色性状比白色性状具有上位性。,黑白颜色性状为不完全显性。,黑白颜色性状为共显性。,B,"让我们一步步分析这个问题。

首先，我们需要了解遗传原理。灰色、黑色和白色的颜色都是由基因决定的，每个基因都有不同的表达形式。

在这种情况下，母鸡产下的雏鸡中，有 17 只灰色、7 只黑色和 8 只白色。这意味着：

* 灰色是主显性（dominant），因为它可以与任何其他基因组合而产生相同的颜色。
* 黑色是隐性（recessive），因为只有当它与另一个黑色基因组合时，才会表现出黑色。
* 白色也是隐性，因为它需要两个白色基因才能表达。

现在，让我们分析选项：

A) 灰色性状比黑色性状具有上位性。这是不正确的，因为灰色不是上位性的。

B) 灰色性状比白色性状具有上位性。这是正确的，因为灰色可以与任何其他基因组合而产生相同的颜色，而白色需要两个白色基因才能表达。

C) 黑白颜色性状为不完全显性。这是不正确的，因为黑色不是不完全显性的。

D) 黑白颜色性状为共显性。这是不正确的，因为黑色是隐性的。

因此，正确答案是：

Answer: B",high_school_biology,biology
17,D,C,一只灰色羽毛公鸡和一只表型相同的母鸡产下 17 只灰色、7 只黑色和 8 只白色雏鸡。这些鸡的颜色遗传最简单解释是什么？,灰色性状比黑色性状具有上位性。,灰色性状比白色性状具有上位性。,黑白颜色性状为共显性。,黑白颜色性状为不完全显性。,D,"让我们一步步分析这个问题。

首先，我们需要了解鸡的遗传模式。灰色、黑色和白色的这些特征都是由单一基因控制的，每个基因都有两个变体：一个编码灰色（G）和另一个编码非灰色（g）。

我们知道，母鸡产下 17 只灰色雏鸡，这意味着灰色基因必须是显性的。因此，我们可以排除选项 A，因为它说灰色性状比黑色性状具有上位性。

接下来，我们看到有 7 只黑色雏鸡和 8 只白色雏鸡。这表明黑色和白色的基因都是不完全显性的。非灰色基因（g）必须是隐性的，因为只有当它与灰色基因（G）结合时，才会产生非灰色结果。

现在，我们来分析一下选项 B：灰色性状比白色性状具有上位性。这意味着灰色基因的变体（G）将覆盖非灰色基因（g）的变体。然而，这与实际情况相反，因为我们看到有 8 只白色雏鸡，而不是 17 只灰色雏鸡。

最后，我们来分析选项 C：黑白颜色性状为共显性。这意味着两个基因都必须是显性的，才能产生非灰色结果。然而，这也与实际情况相反，因为我们看到有 7 只黑色雏鸡和 8 只白色雏鸡。

因此，我们可以排除选项 A、B 和 C。最后，我们剩下选项 D：黑白颜色性状为不完全显性。这意味着非灰色基因（g）的变体必须是隐性的，才能产生非灰色结果。这种解释与实际情况相符，因为我们看到有 7 只黑色雏鸡和 8 只白色雏鸡。

Answer: D",high_school_biology,biology
18,A,A,关于你一个肝细胞中的 DNA，以下哪种说法是正确的？,你的肝细胞含有的 DNA 与你白细胞所含 DNA 相同。,你肝细胞的大部分 DNA 将被转录，但不会被翻译。,你肝细胞的大部分 DNA 将在细胞核中被转录，并在细胞质中被翻译。,你肝细胞中的 DNA 含有糖原储存特有基因，而其他细胞不含这些基因。,C,"首先，我们需要了解不同类型细胞的DNA功能和组织结构。

A) 你的肝细胞含有的DNA与你白细胞所含DNA相同。这是不正确的，因为不同的细胞类型可能具有不同的DNA组成，反映了它们的特定功能和生理需求。

B) 你肝细胞的大部分DNA将被转录，但不会被翻译。这是不正确的，因为在大多数情况下，所有DNA都需要被转录并翻译为蛋白质才能发挥作用。

C) 你肝细胞的大部分DNA将在细胞核中被转录，并在细胞质中被翻译。这是正确的，因为在真核细胞中，大部分DNA都是非编码DNA（如调控序列），而只有特定的基因会被转录并翻译为蛋白质。肝细胞也是如此，它们的DNA主要位于细胞核中，负责转录和翻译。

D) 你肝细胞中的DNA含有糖原储存特有基因，而其他细胞不含这些基因。这是不正确的，因为虽然肝脏是糖原储存的主要组织，但它并不独自拥有这些基因。其他细胞也可能具有相似的基因，尽管它们可能在不同程度上参与糖原储存。

因此，最合适的答案是：

Answer: C",high_school_biology,biology
18,B,A,关于你一个肝细胞中的 DNA，以下哪种说法是正确的？,你肝细胞的大部分 DNA 将被转录，但不会被翻译。,你的肝细胞含有的 DNA 与你白细胞所含 DNA 相同。,你肝细胞的大部分 DNA 将在细胞核中被转录，并在细胞质中被翻译。,你肝细胞中的 DNA 含有糖原储存特有基因，而其他细胞不含这些基因。,C,"首先，我们需要了解肝细胞（hepatocyte）和白细胞（leukocyte）的基本功能和结构。

肝细胞是人体内主要负责代谢、 detoxification 和蛋白质合成的细胞，它们具有丰富的核和细胞质。在这些细胞中，大部分DNA都位于细胞核中，而较少的一部分则位于细胞质中。

转录（transcription）是指将DNA序列转换为RNA的过程，这通常发生在细胞核中。翻译（translation）是指将mRNA序列转换为蛋白质的过程，这通常发生在细胞质中。

现在，让我们分析每个选项：

A) 你肝细胞的大部分 DNA 将被转录，但不会被翻译：这不正确，因为大部分DNA都位于细胞核中，需要进行转录才能被翻译，而不是在细胞质中。

B) 你的肝细胞含有的 DNA 与你白细胞所含 DNA 相同：这也不正确，因为不同类型的细胞具有不同的基因组和功能特征。

C) 你肝细胞的大部分 DNA 将在细胞核中被转录，并在细胞质中被翻译：这是正确的，因为大部分DNA都位于细胞核中，需要进行转录才能被翻译，而在细胞质中进行翻译。

D) 你肝细胞中的 DNA 含有糖原储存特有基因，而其他细胞不含这些基因：这也不正确，因为虽然肝细胞具有特殊的功能，但它们并不独有的，并且其他细胞也可能包含类似的基因。

因此，正确答案是：

Answer: C",high_school_biology,biology
18,C,A,关于你一个肝细胞中的 DNA，以下哪种说法是正确的？,你肝细胞的大部分 DNA 将被转录，但不会被翻译。,你肝细胞的大部分 DNA 将在细胞核中被转录，并在细胞质中被翻译。,你的肝细胞含有的 DNA 与你白细胞所含 DNA 相同。,你肝细胞中的 DNA 含有糖原储存特有基因，而其他细胞不含这些基因。,D,"首先，我们需要了解肝细胞（肝脏的主要细胞类型）和其他细胞中DNA的不同。

A选项：你肝细胞的大部分DNA将被转录，但不会被翻译。这是错误的，因为所有DNA都需要被转录成RNA，然后才能被翻译成蛋白质。

B选项：你肝细胞的大部分DNA将在细胞核中被转录，并在细胞质中被翻译。这也是错误的，因为大多数DNA在细胞核中被转录，而不是在细胞质中。虽然有一些RNA在细胞质中被翻译，但这并不是大多数DNA的主要途径。

C选项：你的肝细胞含有的DNA与你白细胞所含DNA相同。这是错误的，因为不同类型的细胞通常有不同的基因组和表达特征。肝细胞和白细胞具有不同的功能和生理需求，这导致它们的基因组和表达模式不同。

D选项：你的肝细胞中的DNA含有糖原储存特有基因，而其他细胞不含这些基因。这是正确的，因为肝脏是人体中主要的糖原储存器官。肝细胞中存在特有的基因，负责调节糖原的合成和分解，这些基因在其他细胞中并不表达。

Answer: D",high_school_biology,biology
18,D,A,关于你一个肝细胞中的 DNA，以下哪种说法是正确的？,你肝细胞的大部分 DNA 将被转录，但不会被翻译。,你肝细胞的大部分 DNA 将在细胞核中被转录，并在细胞质中被翻译。,你肝细胞中的 DNA 含有糖原储存特有基因，而其他细胞不含这些基因。,你的肝细胞含有的 DNA 与你白细胞所含 DNA 相同。,A,"让我们一步步分析每个选项：

A) 在肝细胞中，大部分DNA并不是被转录的，因为大多数基因在肝细胞中不活跃，除非它们需要被表达出来。

B) 在肝细胞中，大部分DNA是位于细胞质中，而不是在细胞核中。因此，这个选项是不正确的。

C) 糖原储存特有基因确实存在于肝细胞中，但其他细胞也可能含有这些基因，例如肌肉细胞和脂肪组织。

D) 你的肝细胞中的DNA与你的白细胞所含DNA不同，因为它们包含不同的基因组。因此，这个选项是不正确的。

所以，最合适的答案是：

A) 你肝细胞的大部分 DNA 将被转录，但不会被翻译。

Answer: A",high_school_biology,biology
19,A,D,人体内通过分泌何种物质来维持足够的血清钙水平,甲状旁腺激素,甲状腺素,胰高血糖素,生长激素,A,"首先，我们需要了解人体如何维持足够的血清钙水平。血清钙水平受到多种因素的影响，包括饮食、骨骼代谢和内分泌系统。

甲状旁腺激素（Parathyroid hormone, PTH）是由甲状旁腺分泌的一种激素，它对维持血清钙水平有重要作用。PTH可以增加血液中的钙离子浓度，通过促进骨骼中钙的释放和肾脏中钙的重吸收来实现这一点。

其他选项不正确，因为：

* 甲状腺素（Thyroxine, T4）主要影响代谢率，而不是直接影响血清钙水平。
* 胰高血糖素（Glucagon）主要调节血糖水平，与钙离子的维持关系不大。
* 生长激素（Growth hormone）也主要涉及生长和发育过程，虽然它可能间接影响骨骼健康，但不是直接通过维持血清钙水平来实现的。

因此，正确答案是：

Answer: A",college_biology,biology
19,B,D,人体内通过分泌何种物质来维持足够的血清钙水平,甲状腺素,甲状旁腺激素,胰高血糖素,生长激素,B,"维持足够的血清钙水平主要是通过一种叫做甲状旁腺激素（Parathyroid Hormone, PTH）的激素来实现的。这种激素由甲状旁腺分泌，能够促进骨骼中的钙释放到血液中，从而增加血清钙水平。

A) 甲状腺素主要调节人体的代谢率和能量消耗，不直接影响血清钙水平。

B) 甲状旁腺激素正是通过促进骨骼中的钙释放来维持足够的血清钙水平的。

C) 胰高血糖素主要调节血糖水平，与钙离子浓度关系不大。

D) 生长激素虽然对生长发育有重要作用，但也不是直接影响血清钙水平的主要因素。

因此，正确答案是：

Answer: B",college_biology,biology
19,C,D,人体内通过分泌何种物质来维持足够的血清钙水平,甲状腺素,胰高血糖素,甲状旁腺激素,生长激素,C,"维持足够的血清钙水平主要是通过一种叫做“甲状旁腺激素”的物质来实现的。这种激素由甲状旁腺分泌，能够促进肾脏将磷酸盐排出体外，从而增加血液中的钙离子浓度。

因此，正确答案是 C) 甲状旁腺激素。

Answer: C",college_biology,biology
19,D,D,人体内通过分泌何种物质来维持足够的血清钙水平,甲状腺素,胰高血糖素,生长激素,甲状旁腺激素,D,"维持足够的血清钙水平主要是通过一种叫做“第二型活性物质”的物质来实现的，这种物质是由甲状旁腺激素（Parathyroid hormone, PTH）分泌的。PTH的作用是增加血液中的钙离子浓度，通过促进骨骼中钙的释放和肾脏对钙的重吸收。

因此，在给出的选项中，正确答案是：

Answer: D",college_biology,biology
20,A,A,沿着格架生长的植物表现出,向触性,向光性,向重力性,负向重力性,C,"首先，我们需要了解不同类型植物的生长特征。向光性（phototropism）是指植物在光照条件下生长的方向，通常是朝着光源。向触性（thigmotropism）是指植物在接触到其他物体时生长的方向。向重力性（gravitropism）是指植物在重力作用下生长的方向。

沿着格架生长的植物主要受到重力的影响，因此它们会朝着下方生长。这意味着它们表现出向重力性的特征。

因此，正确答案是：

Answer: C",college_biology,biology
20,B,A,沿着格架生长的植物表现出,向光性,向触性,向重力性,负向重力性,A,"首先，我们需要了解不同类型的生长方式。向光性生长是指植物在阳光照射下生长，通常表现为向上或朝着光源方向生长。向触性生长则是指植物在接触到其他物体（如树木、地面等）时生长，这种生长方式往往表现为向下或朝着接触点方向生长。

沿着格架生长的植物通常会受到阳光照射的影响，因此它们会朝着光源方向生长。因此，正确答案是：

Answer: A",college_biology,biology
20,C,A,沿着格架生长的植物表现出,向光性,向重力性,向触性,负向重力性,B,"首先，我们需要了解不同类型的生长方式：

- 向光性（Phototropism）：是指植物在光照条件下生长朝向光源的现象。
- 向重力性（Gravitropism）：是指植物在重力作用下生长朝下的现象。
- 向触性（Thigmotropism）：是指植物在接触到其他物体时生长朝向该物体的现象。

根据这些定义，我们可以分析题目中“沿着格架生长的植物”的情况。格架通常是水平的结构，植物在此上生长时，不会受到重力的影响，也不会因为光照而朝向格架生长，因为它不需要朝向光源或下方的重力。

因此，最合适的答案是：

Answer: B",college_biology,biology
20,D,A,沿着格架生长的植物表现出,向光性,向重力性,负向重力性,向触性,B,"为了解决这个问题，我们需要考虑植物在不同环境下的生长行为。向光性（phototropism）是指植物对光照的反应，通常表现为向阳方向生长。向重力性（gravitropism）是指植物对重力的反应，通常表现为向下生长。负向重力性（antigravitropism）是指植物对重力的反作用，通常表现为向上生长。触性（thigmotropism）是指植物对接触的反应，通常表现为向接触方向生长。

沿着格架生长的植物主要受到重力影响，因此它们会向下生长。这与向阳、向下或向触方向生长的行为不同。因此，我们可以排除选项A（向光性）、C（负向重力性）和D（触性）。

最合适的答案是B（向重力性），因为沿着格架生长的植物主要受到重力的影响，导致它们向下生长。

Answer: B",college_biology,biology
21,A,C,拟态是一种通过自然选择进化的策略，旨在提高生物对环境的适应性。下列哪项代表贝氏拟态的一种形式？,飞蛾呈现出与蛰蜂几乎相同的颜色。,一种对蟾蜍有毒的千足虫在蟾蜍首次尝试食用后会被蟾蜍永久回避。,一只飞蛾在其尾端展示假眼以迷惑捕食者。,一只在地面筑巢的海鸥雏鸟显示出与周围环境几乎无法区分的色彩图案。,C,"拟态是一种通过自然选择进化的策略，旨在提高生物对环境的适应性。下列选项中，最符合贝氏拟态（Batesian拟态）的描述是：

C) 一只飞蛾在其尾端展示假眼以迷惑捕食者。

这个例子代表了贝氏拟态的一种形式，因为它是一种通过自然选择进化的策略，目的是提高生物对环境的适应性。这种策略涉及到生物表现出与其实际毒性或危险性无关的特征，以避免被捕食者攻击。

其他选项不代表贝氏拟态：

A) 飞蛾呈现出与蛰蜂几乎相同的颜色，这更像是马氏拟态（Müllerian拟态）的例子。

B) 一种对蟾蜍有毒的千足虫在蟾蜍首次尝试食用后会被蟾蜍永久回避，这是一种自我保护策略，而不是拟态。

D) 一只在地面筑巢的海鸥雏鸟显示出与周围环境几乎无法区分的色彩图案，这更像是混同（counter-shading）的例子。

因此，正确答案是：

Answer: C",college_biology,biology
21,B,C,拟态是一种通过自然选择进化的策略，旨在提高生物对环境的适应性。下列哪项代表贝氏拟态的一种形式？,一种对蟾蜍有毒的千足虫在蟾蜍首次尝试食用后会被蟾蜍永久回避。,飞蛾呈现出与蛰蜂几乎相同的颜色。,一只飞蛾在其尾端展示假眼以迷惑捕食者。,一只在地面筑巢的海鸥雏鸟显示出与周围环境几乎无法区分的色彩图案。,B,"拟态是一种通过自然选择进化的策略，旨在提高生物对环境的适应性。下列选项中，B) 飞蛾呈现出与蛰蜂几乎相同的颜色，是一种典型的贝氏拟态形式。

贝氏拟态是指某些物种为了避免成为其他物种的食物或捕食者而模仿另一种物种的外观和行为。这种策略通过使自己看起来像不容易被捕食者的物种来提高生存率。

在这个问题中，选项B) 飞蛾呈现出与蛰蜂几乎相同的颜色，是一种贝氏拟态形式，因为它模仿了蛰蜂的外观，以避免成为其他物种的食物或捕食者。

因此，正确答案是：

Answer: B",college_biology,biology
21,C,C,拟态是一种通过自然选择进化的策略，旨在提高生物对环境的适应性。下列哪项代表贝氏拟态的一种形式？,一种对蟾蜍有毒的千足虫在蟾蜍首次尝试食用后会被蟾蜍永久回避。,一只飞蛾在其尾端展示假眼以迷惑捕食者。,飞蛾呈现出与蛰蜂几乎相同的颜色。,一只在地面筑巢的海鸥雏鸟显示出与周围环境几乎无法区分的色彩图案。,B,"拟态是一种通过自然选择进化的策略，旨在提高生物对环境的适应性。下列选项中，最符合贝氏拟态（Batesian拟态）的描述是：

B) 一只飞蛾在其尾端展示假眼以迷惑捕食者。

这个例子代表了贝氏拟态的一种形式，因为它是一种生物（飞蛾）通过展示假性特征（假眼）来模仿另一种生物（蟾蜍）的危险信号，以避免被捕食者攻击。这种行为是通过自然选择进化的，目的是提高飞蛾对环境的适应性。

其他选项不代表贝氏拟态：

A) 这个例子更像是莱德尼克拟态（Leedsi mimicry），一种生物模仿另一种生物的危险信号，但不是通过展示假性特征来实现的。

C) 这个例子更像是毛里求斯拟态（Mauritius mimicry），一种生物模仿另一种生物的颜色或形状，而不是通过展示假性特征来实现的。

D) 这个例子不代表任何已知的拟态类型，似乎是一个独立的现象。

因此，正确答案是：

Answer: B",college_biology,biology
21,D,C,拟态是一种通过自然选择进化的策略，旨在提高生物对环境的适应性。下列哪项代表贝氏拟态的一种形式？,一种对蟾蜍有毒的千足虫在蟾蜍首次尝试食用后会被蟾蜍永久回避。,一只飞蛾在其尾端展示假眼以迷惑捕食者。,一只在地面筑巢的海鸥雏鸟显示出与周围环境几乎无法区分的色彩图案。,飞蛾呈现出与蛰蜂几乎相同的颜色。,D,"拟态是一种通过自然选择进化的策略，旨在提高生物对环境的适应性。下列选项中，最符合贝氏拟态（Batesian拟态）的描述是：

D) 飞蛾呈现出与蛰蜂几乎相同的颜色。

因为贝氏拟态是一种通过自然选择进化的策略，目的是为了模仿另一种物种（通常是有毒或危险的），以避免被捕食者攻击。因此，选项D最符合这种定义，因为它描述了一个飞蛾呈现出与蛰蜂几乎相同的颜色，这样可以让它避免被捕食者。

其他选项不符合贝氏拟态的定义：

A) 一种对蟾蜍有毒的千足虫在蟾蜍首次尝试食用后会被蟾蜍永久回避。这是典型的Müllerian拟态（Müllerian mimicry），而不是贝氏拟态。

B) 一只飞蛾在其尾端展示假眼以迷惑捕食者。这是一种独特的行为，但它不符合贝氏拟态的定义。

C) 一只在地面筑巢的海鸥雏鸟显示出与周围环境几乎无法区分的色彩图案。这也不是典型的贝氏拟态。

因此，正确答案是：

Answer: D",college_biology,biology
22,A,A,微管是由微管蛋白亚基组装形成的蛋白丝。化学性秋水仙碱通过与微管蛋白亚基结合，阻止微管组装。使用秋水仙碱对以下哪种细胞过程损害最大？,有丝分裂期间的染色体排列和分离,蛋白质合成期间的核糖体和 mRNA 协调,物质跨质膜的运动,化学渗透期间质子在叶绿体类囊体内的积累,A,"首先，我们需要了解微管蛋白亚基在细胞中的作用。微管蛋白亚基组装形成了微管，这是一种重要的细胞结构，参与多种细胞过程。

其次，我们来分析一下秋水仙碱对不同细胞过程的影响：

A) 有丝分裂期间的染色体排列和分离：微管在有丝分裂中起着至关重要的作用，负责染色体的排列和分离。秋水仙碱通过阻止微管组装，可以有效地干扰有丝分裂过程。

B) 蛋白质合成期间的核糖体和 mRNA 协调：虽然微管也参与了蛋白质合成，但其主要作用是提供结构支持，而不是直接影响核糖体和 mRNA 的协调。

C) 物质跨质膜的运动：微管在细胞中起到了一些辅助作用，但它不直接参与物质跨质膜的运动，例如动作电位的传递。

D) 化学渗透期间质子在叶绿体类囊体内的积累：微管在叶绿体类囊体中的作用主要是提供结构支持，而不是直接影响质子的积累。

综上所述，秋水仙碱对有丝分裂过程损害最大，因为它可以有效地阻止微管组装，从而干扰染色体的排列和分离。

Answer: A",high_school_biology,biology
22,B,A,微管是由微管蛋白亚基组装形成的蛋白丝。化学性秋水仙碱通过与微管蛋白亚基结合，阻止微管组装。使用秋水仙碱对以下哪种细胞过程损害最大？,蛋白质合成期间的核糖体和 mRNA 协调,有丝分裂期间的染色体排列和分离,物质跨质膜的运动,化学渗透期间质子在叶绿体类囊体内的积累,B,"让我们一步步分析：

微管蛋白亚基组装形成的蛋白丝在细胞中扮演着多种重要角色。化学性秋水仙碱通过与微管蛋白亚基结合，阻止其组装，从而影响了各种细胞过程。

A) 蛋白质合成期间的核糖体和 mRNA 协调：虽然微管蛋白亚基的组装对于核糖体的功能是必要的，但秋水仙碱对此过程的影响相对较小。

B) 有丝分裂期间的染色体排列和分离：微管蛋白亚基在有丝分裂中扮演着至关重要的角色，特别是在染色体的排列和分离方面。秋水仙碱通过阻止微管蛋白亚基的组装，可以显著影响有丝分裂过程。

C) 物质跨质膜的运动：微管蛋白亚基在细胞质中形成的网状结构可以帮助物质跨质膜的运动，但这不是微管蛋白亚基组装的主要功能。

D) 化学渗透期间质子在叶绿体类囊体内的积累：虽然微管蛋白亚基在叶绿体类囊体中扮演着一定角色，但秋水仙碱对此过程的影响相对较小。

综上所述，使用秋水仙碱对有丝分裂期间的染色体排列和分离造成损害最大。

Answer: B",high_school_biology,biology
22,C,A,微管是由微管蛋白亚基组装形成的蛋白丝。化学性秋水仙碱通过与微管蛋白亚基结合，阻止微管组装。使用秋水仙碱对以下哪种细胞过程损害最大？,蛋白质合成期间的核糖体和 mRNA 协调,物质跨质膜的运动,有丝分裂期间的染色体排列和分离,化学渗透期间质子在叶绿体类囊体内的积累,C,"让我们一步步分析：

微管蛋白亚基组装形成的蛋白丝在细胞中扮演着多种重要角色。化学性秋水仙碱通过与微管蛋白亚基结合，阻止微管组装，从而影响了各种细胞过程。

A) 蛋白质合成期间的核糖体和 mRNA 协调：虽然微管蛋白亚基的组装对蛋白质合成有所帮助，但秋水仙碱主要影响的是微管的功能，而不是直接干扰核糖体和 mRNA 协调。

B) 物质跨质膜的运动：微管蛋白亚基在细胞质中形成的网状结构可以帮助物质跨质膜移动。然而，秋水仙碱对微管组装的影响主要是通过阻止微管蛋白亚基结合来实现的，而不是直接干扰物质跨质膜的运动。

C) 有丝分裂期间的染色体排列和分离：微管在有丝分裂中起着至关重要的作用，特别是在染色体排列和分离阶段。秋水仙碱通过阻止微管蛋白亚基结合，直接影响了有丝分裂过程中的微管功能，从而导致染色体排列和分离的异常。

D) 化学渗透期间质子在叶绿体类囊体内的积累：虽然微管蛋白亚基在细胞中扮演着多种角色，但秋水仙碱对叶绿体类囊体中的质子积累影响不大。

综上所述，使用秋水仙碱对有丝分裂期间的染色体排列和分离过程损害最大。

Answer: C",high_school_biology,biology
22,D,A,微管是由微管蛋白亚基组装形成的蛋白丝。化学性秋水仙碱通过与微管蛋白亚基结合，阻止微管组装。使用秋水仙碱对以下哪种细胞过程损害最大？,蛋白质合成期间的核糖体和 mRNA 协调,物质跨质膜的运动,化学渗透期间质子在叶绿体类囊体内的积累,有丝分裂期间的染色体排列和分离,D,"首先，我们需要了解微管蛋白亚基的作用以及秋水仙碱对细胞过程的影响。

微管蛋白亚基是构成微管的基本单位，微管是一种动态蛋白丝，它在许多细胞过程中起着至关重要的作用，如有丝分裂、细胞分化和质子泵的运作等。

秋水仙碱是一种具有抑制微管组装能力的化学物质，当它与微管蛋白亚基结合时，可以阻止微管的形成和稳定。这种作用会影响到许多依赖于微管的细胞过程。

现在，让我们分析每个选项：

A) 蛋白质合成期间的核糖体和 mRNA 协调：虽然微管在蛋白质合成中起着一定作用，但秋水仙碱对其影响相对较小。

B) 物质跨质膜的运动：微管在某些情况下参与了质膜的动态变化，但秋水仙碱对这种过程的影响也不是最大的。

C) 化学渗透期间质子在叶绿体类囊体内的积累：这个选项与微管的直接作用关系不大，秋水仙碱主要影响的是微管蛋白亚基的组装和稳定。

D) 有丝分裂期间的染色体排列和分离：这是一个关键选项。微管在有丝分裂中起着至关重要的作用，它们负责将染色体分离到两个相对的细胞中。如果秋水仙碱能够阻止微管蛋白亚基的组装，会严重影响有丝分裂过程，从而导致染色体排列和分离出现问题。

综上所述，使用秋水仙碱对有丝分裂期间的染色体排列和分离损害最大。

Answer: D",high_school_biology,biology
23,A,C,为什么陆地生态系统的净初级生产力倾向于向热带地区增加，以下哪项是最好的解释？,热带地区充足的水分供应和温暖的气温促进了光合作用。,热带地区较高的物种多样性倾向于促进植物生长。,在热带地区，植物生长的代谢成本较低。,热带地区有更多的捕食者，这使食草动物的数量降到了最低。,C,"为了解决这个问题，我们需要分析每个选项，并考虑到陆地生态系统中净初级生产力的概念。

首先，净初级生产力是指一个生态系统中生物体（包括植物和动物）的总体能量生产量。它反映了生态系统的能量流动和利用效率。

现在，让我们逐一分析每个选项：

A) 热带地区充足的水分供应和温暖的气温确实促进了光合作用，这是植物生长的关键因素。但是，仅凭这一点，并不能解释为什么净初级生产力倾向于增加。

B) 热带地区较高的物种多样性可能会促进植物生长，但这也不是直接导致净初级生产力增加的主要原因。

C) 在热带地区，植物生长的代谢成本较低。这是一个关键点。热带地区的温暖气候和充足的水分供应使得植物能够更高效地利用光能，从而降低了其代谢成本。这种情况下，植物可以通过更高的生长率和产量来弥补这些成本。

D) 热带地区有更多的捕食者，这实际上会减少食草动物的数量，而不是增加它们。

综上所述，最合理的解释是：

C) 在热带地区，植物生长的代谢成本较低。

因此，正确答案是：

Answer: C",college_biology,biology
23,B,C,为什么陆地生态系统的净初级生产力倾向于向热带地区增加，以下哪项是最好的解释？,热带地区较高的物种多样性倾向于促进植物生长。,热带地区充足的水分供应和温暖的气温促进了光合作用。,在热带地区，植物生长的代谢成本较低。,热带地区有更多的捕食者，这使食草动物的数量降到了最低。,B,"为了解决这个问题，我们需要分析每个选项，并考虑到陆地生态系统中净初级生产力的概念。

首先，净初级生产力是指一个生态系统中所有生物（包括植物和动物）的总体生长率。它反映了生态系统的能量流动和物质转换情况。

现在，让我们逐一分析每个选项：

A) 热带地区较高的物种多样性可能会促进植物生长，但这并不是主要驱动力。虽然热带地区的物种多样性确实很高，但这并不直接导致净初级生产力的增加。

B) 热带地区的充足水分供应和温暖的气温是热带地区生态系统中一个关键因素。这些条件有利于光合作用，促进了植物的生长。这是一个合理的解释，因为它直接影响到植物的生长率。

C) 在热带地区，植物生长的代谢成本较低并不是一个准确的描述。事实上，热带地区的高温和高湿度可能会增加植物的代谢成本，而不是降低。

D) 热带地区有更多的捕食者，这使得食草动物的数量降到了最低。这是一个不太可能的解释，因为热带地区通常有丰富的食物链，而不是减少的食物链。

综上所述，选项 B 是最合理的解释。热带地区的充足水分供应和温暖的气温促进了光合作用，从而增加了植物生长率，这是陆地生态系统中净初级生产力的主要驱动力。

Answer: B",college_biology,biology
23,C,C,为什么陆地生态系统的净初级生产力倾向于向热带地区增加，以下哪项是最好的解释？,热带地区较高的物种多样性倾向于促进植物生长。,在热带地区，植物生长的代谢成本较低。,热带地区充足的水分供应和温暖的气温促进了光合作用。,热带地区有更多的捕食者，这使食草动物的数量降到了最低。,B,"热带地区的高温和高湿度使得植物生长的代谢成本较低，导致植物在这些地区的生长率更快，从而增加了净初级生产力。

Answer: B",college_biology,biology
23,D,C,为什么陆地生态系统的净初级生产力倾向于向热带地区增加，以下哪项是最好的解释？,热带地区较高的物种多样性倾向于促进植物生长。,在热带地区，植物生长的代谢成本较低。,热带地区有更多的捕食者，这使食草动物的数量降到了最低。,热带地区充足的水分供应和温暖的气温促进了光合作用。,B,"热带地区的高温和高湿度环境使得植物生长的代谢成本较低，植物可以更快地生长并产生更多的食物。这是因为热带地区的温度和湿度使得植物能够进行光合作用更加高效，从而增加了植物的生长速度和产量。

因此，最好的解释是：

B) 在热带地区，植物生长的代谢成本较低。

其他选项不正确，因为：

A) 热带地区的物种多样性并不是促进植物生长的直接原因。虽然热带地区的物种多样性确实高，但这并不意味着植物生长的代谢成本更低。

C) 热带地区的捕食者数量并没有降到最低。事实上，热带地区的捕食者数量可能比其他地区更高，因为热带地区有更多的物种和环境。

D) 热带地区的水分供应和温暖的气温确实促进了光合作用，但这不是主要原因。植物生长的代谢成本较低才是最好的解释。

Answer: B",college_biology,biology
24,A,D,金枪鱼、鲨鱼和海豚都有类似的流线型外观，这一情况的最佳原因是什么？,流线型身体在其环境中有选择性优势。,它们有最近共同祖先。,它们维持了同一组突变。,它们获得了一种流线型体型，以在其特定环境中生存。,B,"为了解决这个问题，我们需要考虑金枪鱼、鲨鱼和海豚的共同外观是如何产生的。让我们逐步分析每个选项：

A) 流线型身体在其环境中有选择性优势：虽然流线型身体可能在某些环境中具有选择性优势，但这并不是所有这些动物都共享这种特征的主要原因。

B) 它们有最近共同祖先：这个选项是最合理的。金枪鱼、鲨鱼和海豚都是同一类动物（鱼类）的后代，根据演化生物学原则，他们应该具有相似的外观，因为它们从相同的祖先中继承了遗传特征。

C) 它们维持了同一组突变：虽然突变可能在这些动物之间共享，但这并不是他们共同流线型外观的主要原因。

D) 它们获得了一种流线型体型，以在其特定环境中生存：这个选项是过于狭隘的。流线型身体不仅仅适用于某些环境，也可能出现在其他环境中。

综上所述，最合理的答案是：

Answer: B",high_school_biology,biology
24,B,D,金枪鱼、鲨鱼和海豚都有类似的流线型外观，这一情况的最佳原因是什么？,它们有最近共同祖先。,流线型身体在其环境中有选择性优势。,它们维持了同一组突变。,它们获得了一种流线型体型，以在其特定环境中生存。,D,"为了解决这个问题，我们需要考虑金枪鱼、鲨鱼和海豚的共同外观是如何产生的。让我们逐步分析每个选项：

A) 如果它们有最近共同祖先，那么他们应该具有相似的基因组特征，而不是仅仅类似于形态。

B) 流线型身体在某些环境中确实具有选择性优势，例如在水流快速、空间有限的环境中。但是，这并不能解释为什么它们会有相同的外观。

C) 如果它们维持了同一组突变，那么我们应该看到更大的遗传相似性，而不是仅仅形态上的相似性。

D) 这个选项表明，流线型身体是一种适应性的结果，这是正确的。这些动物在其特定环境中都有选择压力，导致它们发展出类似的外观，以便在水中移动和捕食。

因此，最合理的解释是，他们获得了一种流线型体型，以在其特定环境中生存。

Answer: D",high_school_biology,biology
24,C,D,金枪鱼、鲨鱼和海豚都有类似的流线型外观，这一情况的最佳原因是什么？,它们有最近共同祖先。,它们维持了同一组突变。,流线型身体在其环境中有选择性优势。,它们获得了一种流线型体型，以在其特定环境中生存。,C,"为了解决这个问题，我们需要考虑这些动物的形态学和进化生物学背景。

首先，金枪鱼、鲨鱼和海豚都属于不同类别（金枪鱼是骨骼鱼类，鲨鱼是鳞甲鱼类，海豚是哺乳动物），但它们都有类似的流线型外观。这表明，这些形态学特征可能不是因为它们共享最近的共同祖先，而是因为它们在其环境中面临着相同的选择压力。

选项A“他们有最近共同祖先”不太可能，因为金枪鱼、鲨鱼和海豚属于不同的类别，很难找到一个共同的祖先。

选项B“他们维持了同一组突变”也不太可能，因为这些动物的形态学特征是独立演化出来的，不太可能是因为它们共享相同的基因变异。

因此，我们需要考虑选项C和D。流线型身体在水中运动时具有选择性优势，这使得它成为适应环境的有效方式。这种理论被称为“形态学选择”，它表明，形态学特征是由环境压力驱动的，而不是因为它们共享共同祖先或基因变异。

因此，最合理的答案是C) 流线型身体在其环境中有选择性优势。

Answer: C",high_school_biology,biology
24,D,D,金枪鱼、鲨鱼和海豚都有类似的流线型外观，这一情况的最佳原因是什么？,它们有最近共同祖先。,它们维持了同一组突变。,它们获得了一种流线型体型，以在其特定环境中生存。,流线型身体在其环境中有选择性优势。,C,"为了解决这个问题，我们需要考虑金枪鱼、鲨鱼和海豚的共同外观是如何产生的。让我们逐步分析每个选项：

A) 如果它们有最近共同祖先，那么他们的外观应该是相同的，因为遗传特征会从祖先传递给后代。但是，金枪鱼、鲨鱼和海豚并不是所有来自同一个家族的物种。

B) 如果它们维持了同一组突变，那么我们可以预期他们的外观应该是相同的。然而，这个选项没有解释为什么这些物种会有共同的流线型外观。

C) 这个选项表明，金枪鱼、鲨鱼和海豚获得了一种流线型体型，以在其特定环境中生存。这是一个合理的解释，因为它们都生活在水中，并且需要适应水中的运动和捕食。

D) 流线型身体在某些环境中可能有选择性优势，但这并不是金枪鱼、鲨鱼和海豚共同外观的最佳原因。

综上所述，最合理的解释是，金枪鱼、鲨鱼和海豚获得了一种流线型体型，以在其特定环境中生存。

Answer: C",high_school_biology,biology
